id,date,round,teamHome,scoreTeamHome,teamAway,scoreTeamAway,,image
1012554,2020-08-08,Round 1,Coritiba,0,Internacional,1,,https://r2.thesportsdb.com/images/media/event/thumb/v5eyuw1601403887.jpg
1012522,2020-08-09,Round 1,Sport Club do Recife,3,Ceara,2,,https://r2.thesportsdb.com/images/media/event/thumb/yrteoq1601403890.jpg
1012553,2020-08-09,Round 1,Fortaleza,0,Atletico PR,2,,https://r2.thesportsdb.com/images/media/event/thumb/6hw15s1601403891.jpg
1009417,2020-08-09,Round 1,Flamengo,0,Atletico MG,1,,https://r2.thesportsdb.com/images/media/event/thumb/haumop1601403889.jpg
1009420,2020-08-09,Round 1,Santos FC,1,Bragantino,1,,https://r2.thesportsdb.com/images/media/event/thumb/ma9lr31601403890.jpg
1009422,2020-08-10,Round 1,Gremio,1,Fluminense,0,,https://r2.thesportsdb.com/images/media/event/thumb/m1mcxz1601403894.jpg
1014073,2020-08-12,Round 2,Atletico MG,3,Corinthians,2,,https://r2.thesportsdb.com/images/media/event/thumb/skvcz61601403895.jpg
1014074,2020-08-12,Round 2,Atletico PR,2,Goias,1,,https://r2.thesportsdb.com/images/media/event/thumb/p7zer91601403896.jpg
1014075,2020-08-12,Round 2,Bragantino,1,Botafogo RJ,1,,https://r2.thesportsdb.com/images/media/event/thumb/nk4dov1601403896.jpg
1014076,2020-08-12,Round 2,Bahia,1,Coritiba,0,,https://r2.thesportsdb.com/images/media/event/thumb/re79ce1601403897.jpg
1014077,2020-08-12,Round 2,Atletico GO,3,Flamengo,0,,https://r2.thesportsdb.com/images/media/event/thumb/uy01cr1601403898.jpg
1014078,2020-08-13,Round 2,Fluminense,1,Palmeiras,1,,https://r2.thesportsdb.com/images/media/event/thumb/2x92281601403900.jpg
1014079,2020-08-13,Round 2,Ceara,1,Gremio,1,,https://r2.thesportsdb.com/images/media/event/thumb/emvhvh1601403901.jpg
1014080,2020-08-13,Round 2,Sao Paulo,1,Fortaleza,0,,https://r2.thesportsdb.com/images/media/event/thumb/u4l9s01601403901.jpg
1014081,2020-08-13,Round 2,Internacional,2,Santos FC,0,,https://r2.thesportsdb.com/images/media/event/thumb/izzr3e1601403902.jpg
1019432,2020-08-13,Round 2,Vasco da Gama,2,Sport Club do Recife,0,,https://r2.thesportsdb.com/images/media/event/thumb/thb2oe1601403899.jpg
1014084,2020-08-15,Round 3,Coritiba,0,Flamengo,1,,https://r2.thesportsdb.com/images/media/event/thumb/tvqmtk1601403903.jpg
1014083,2020-08-16,Round 3,Gremio,0,Corinthians,0,,https://r2.thesportsdb.com/images/media/event/thumb/uvzq881601403904.jpg
1014085,2020-08-16,Round 3,Palmeiras,1,Goias,1,,https://r2.thesportsdb.com/images/media/event/thumb/oqk2661601403905.jpg
1014086,2020-08-16,Round 3,Atletico MG,2,Ceara,0,,https://r2.thesportsdb.com/images/media/event/thumb/9efzvq1601403906.jpg
1014087,2020-08-16,Round 3,Vasco da Gama,2,Sao Paulo,1,,https://r2.thesportsdb.com/images/media/event/thumb/s7uvy41601403907.jpg
1014088,2020-08-16,Round 3,Bahia,2,Bragantino,1,,https://r2.thesportsdb.com/images/media/event/thumb/t8b24w1601403907.jpg
1014090,2020-08-16,Round 3,Fluminense,2,Internacional,1,,https://r2.thesportsdb.com/images/media/event/thumb/dkmuta1601403909.jpg
1014089,2020-08-16,Round 3,Fortaleza,0,Botafogo RJ,0,,https://r2.thesportsdb.com/images/media/event/thumb/ro9sno1601403908.jpg
1014092,2020-08-16,Round 3,Santos FC,3,Atletico PR,1,,https://r2.thesportsdb.com/images/media/event/thumb/410xp11601403910.jpg
1014091,2020-08-17,Round 3,Atletico GO,1,Sport Club do Recife,1,,https://r2.thesportsdb.com/images/media/event/thumb/onhcbr1601403911.jpg
1014093,2020-08-19,Round 4,Flamengo,1,Gremio,1,,https://r2.thesportsdb.com/images/media/event/thumb/t2ah7n1601403912.jpg
1014094,2020-08-19,Round 4,Bragantino,2,Fluminense,1,,https://r2.thesportsdb.com/images/media/event/thumb/b5nkwu1601403912.jpg
1014095,2020-08-19,Round 4,Atletico PR,0,Palmeiras,1,,https://r2.thesportsdb.com/images/media/event/thumb/e1ku921601403913.jpg
1032667,2020-08-19,Round 4,Goias,1,Fortaleza,3,,https://r2.thesportsdb.com/images/media/event/thumb/j2tzum1601403915.jpg
1032666,2020-08-19,Round 4,Internacional,3,Atletico GO,0,,https://r2.thesportsdb.com/images/media/event/thumb/ydakhm1601403914.jpg
1014098,2020-08-20,Round 4,Botafogo RJ,2,Atletico MG,1,,https://r2.thesportsdb.com/images/media/event/thumb/yjxon11601403916.jpg
1014099,2020-08-20,Round 4,Corinthians,3,Coritiba,1,,https://r2.thesportsdb.com/images/media/event/thumb/mjakcu1601403916.jpg
1014100,2020-08-20,Round 4,Sport Club do Recife,0,Santos FC,1,,https://r2.thesportsdb.com/images/media/event/thumb/2wvs0f1601403917.jpg
1033596,2020-08-20,Round 4,Sao Paulo,1,Bahia,1,,https://r2.thesportsdb.com/images/media/event/thumb/5p0wv91601403918.jpg
1033597,2020-08-20,Round 4,Ceara,0,Vasco da Gama,3,,https://r2.thesportsdb.com/images/media/event/thumb/uguce01601403919.jpg
1014103,2020-08-22,Round 5,Atletico PR,0,Fluminense,1,,https://r2.thesportsdb.com/images/media/event/thumb/xeqt5g1601403920.jpg
1014105,2020-08-23,Round 5,Internacional,1,Atletico MG,0,,https://r2.thesportsdb.com/images/media/event/thumb/ld3fmo1601403921.jpg
1014106,2020-08-23,Round 5,Goias,2,Atletico GO,0,,https://r2.thesportsdb.com/images/media/event/thumb/nq81bm1601403922.jpg
1014107,2020-08-23,Round 5,Flamengo,1,Botafogo RJ,1,,https://r2.thesportsdb.com/images/media/event/thumb/8wf4cv1601403922.jpg
1014108,2020-08-23,Round 5,Vasco da Gama,0,Gremio,0,,https://r2.thesportsdb.com/images/media/event/thumb/997vsd1601403923.jpg
1014109,2020-08-23,Round 5,Palmeiras,2,Santos FC,1,,https://r2.thesportsdb.com/images/media/event/thumb/pb6urz1601403924.jpg
1014110,2020-08-23,Round 5,Bragantino,1,Coritiba,2,,https://r2.thesportsdb.com/images/media/event/thumb/3paku71601403925.jpg
1014111,2020-08-23,Round 5,Ceara,2,Bahia,0,,https://r2.thesportsdb.com/images/media/event/thumb/bsiy9q1601403926.jpg
1014112,2020-08-24,Round 5,Sport Club do Recife,0,Sao Paulo,1,,https://r2.thesportsdb.com/images/media/event/thumb/2k0htf1601403927.jpg
1014165,2020-08-27,Round 11,Sao Paulo,1,Atletico PR,0,,https://r2.thesportsdb.com/images/media/event/thumb/5yvs9w1601403928.jpg
1014104,2020-08-27,Round 5,Corinthians,1,Fortaleza,1,,https://r2.thesportsdb.com/images/media/event/thumb/4qaki21601403927.jpg
1014113,2020-08-29,Round 6,Botafogo RJ,0,Internacional,2,,https://r2.thesportsdb.com/images/media/event/thumb/h0l8641601403929.jpg
1014121,2020-08-30,Round 6,Fortaleza,3,Bragantino,0,,https://r2.thesportsdb.com/images/media/event/thumb/6eyxsv1601403936.jpg
1014115,2020-08-30,Round 6,Fluminense,2,Vasco da Gama,1,,https://r2.thesportsdb.com/images/media/event/thumb/0vo15l1601403931.jpg
1014116,2020-08-30,Round 6,Bahia,1,Palmeiras,1,,https://r2.thesportsdb.com/images/media/event/thumb/z75cr51601403932.jpg
1014118,2020-08-30,Round 6,Sao Paulo,2,Corinthians,1,,https://r2.thesportsdb.com/images/media/event/thumb/pnm3cl1601403933.jpg
1014119,2020-08-30,Round 6,Santos FC,0,Flamengo,1,,https://r2.thesportsdb.com/images/media/event/thumb/npncro1601403934.jpg
1014120,2020-08-30,Round 6,Coritiba,1,Sport Club do Recife,0,,https://r2.thesportsdb.com/images/media/event/thumb/8a8uoh1601403935.jpg
1014117,2020-08-30,Round 6,Atletico GO,0,Ceara,2,,https://r2.thesportsdb.com/images/media/event/thumb/0fa6ib1601403933.jpg
1014124,2020-09-02,Round 7,Goias,1,Corinthians,2,,https://r2.thesportsdb.com/images/media/event/thumb/wt06xx1601403938.jpg
1014125,2020-09-02,Round 7,Fluminense,1,Atletico GO,1,,https://r2.thesportsdb.com/images/media/event/thumb/6ziu8c1601403938.jpg
1014126,2020-09-02,Round 7,Botafogo RJ,0,Coritiba,0,,https://r2.thesportsdb.com/images/media/event/thumb/fwb11x1601403939.jpg
1014127,2020-09-02,Round 7,Atletico PR,1,Bragantino,1,,https://r2.thesportsdb.com/images/media/event/thumb/l23zyu1601403941.jpg
1014131,2020-09-02,Round 7,Bahia,3,Flamengo,5,,https://r2.thesportsdb.com/images/media/event/thumb/b0di561601403941.jpg
1014123,2020-09-03,Round 7,Ceara,1,Fortaleza,0,,https://r2.thesportsdb.com/images/media/event/thumb/7d1r3g1601403942.jpg
1014128,2020-09-03,Round 7,Palmeiras,1,Internacional,1,,https://r2.thesportsdb.com/images/media/event/thumb/we4sni1601403943.jpg
1014129,2020-09-03,Round 7,Santos FC,2,Vasco da Gama,2,,https://r2.thesportsdb.com/images/media/event/thumb/upfbap1601403944.jpg
1014132,2020-09-03,Round 7,Atletico MG,3,Sao Paulo,0,,https://r2.thesportsdb.com/images/media/event/thumb/v7j8fy1601403945.jpg
1014130,2020-09-04,Round 7,Gremio,1,Sport Club do Recife,2,,https://r2.thesportsdb.com/images/media/event/thumb/b25xji1601403945.jpg
1014139,2020-09-05,Round 8,Flamengo,2,Fortaleza,1,,https://r2.thesportsdb.com/images/media/event/thumb/nbdk921601403946.jpg
1014134,2020-09-06,Round 8,Corinthians,2,Botafogo RJ,2,,https://r2.thesportsdb.com/images/media/event/thumb/sk04f31601403948.jpg
1014135,2020-09-06,Round 8,Ceara,0,Santos FC,1,,https://r2.thesportsdb.com/images/media/event/thumb/71q4fm1601403949.jpg
1014136,2020-09-06,Round 8,Bragantino,1,Palmeiras,2,,https://r2.thesportsdb.com/images/media/event/thumb/tctjzt1601403950.jpg
1014137,2020-09-06,Round 8,Sao Paulo,3,Fluminense,1,,https://r2.thesportsdb.com/images/media/event/thumb/45jgyu1601403951.jpg
1014138,2020-09-06,Round 8,Internacional,2,Bahia,2,,https://r2.thesportsdb.com/images/media/event/thumb/0943cq1601403952.jpg
1014133,2020-09-06,Round 8,Vasco da Gama,1,Atletico PR,0,,https://r2.thesportsdb.com/images/media/event/thumb/awdmtw1601403947.jpg
1014141,2020-09-06,Round 8,Sport Club do Recife,2,Goias,1,,https://r2.thesportsdb.com/images/media/event/thumb/fc25za1601403953.jpg
1014142,2020-09-06,Round 8,Coritiba,0,Atletico MG,1,,https://r2.thesportsdb.com/images/media/event/thumb/413h3k1601403954.jpg
1014140,2020-09-07,Round 8,Atletico GO,1,Gremio,1,,https://r2.thesportsdb.com/images/media/event/thumb/1y6snr1601403955.jpg
1014146,2020-09-09,Round 9,Atletico PR,1,Botafogo RJ,1,,https://r2.thesportsdb.com/images/media/event/thumb/131i0g1601403957.jpg
1014151,2020-09-09,Round 9,Fortaleza,1,Sport Club do Recife,0,,https://r2.thesportsdb.com/images/media/event/thumb/loemnh1601403958.jpg
1014143,2020-09-09,Round 9,Goias,3,Coritiba,3,,https://r2.thesportsdb.com/images/media/event/thumb/sjdoqr1601403956.jpg
1014145,2020-09-09,Round 9,Sao Paulo,1,Bragantino,1,,https://r2.thesportsdb.com/images/media/event/thumb/jycbhw1601403956.jpg
1014147,2020-09-10,Round 9,Fluminense,1,Flamengo,2,,https://r2.thesportsdb.com/images/media/event/thumb/4cam4n1601403960.jpg
1014148,2020-09-10,Round 9,Santos FC,3,Atletico MG,1,,https://r2.thesportsdb.com/images/media/event/thumb/rubv3p1601403961.jpg
1014149,2020-09-10,Round 9,Corinthians,0,Palmeiras,2,,https://r2.thesportsdb.com/images/media/event/thumb/f9vqnh1601403961.jpg
1014150,2020-09-10,Round 9,Bahia,0,Gremio,2,,https://r2.thesportsdb.com/images/media/event/thumb/hdh0xn1601403963.jpg
1014144,2020-09-10,Round 9,Internacional,2,Ceara,0,,https://r2.thesportsdb.com/images/media/event/thumb/996ks01601403959.jpg
1014152,2020-09-11,Round 9,Vasco da Gama,1,Atletico GO,2,,https://r2.thesportsdb.com/images/media/event/thumb/147zbk1601403964.jpg
1014155,2020-09-12,Round 10,Atletico PR,1,Coritiba,0,,https://r2.thesportsdb.com/images/media/event/thumb/1acdnk1601403965.jpg
1014153,2020-09-13,Round 10,Santos FC,2,Sao Paulo,2,,https://r2.thesportsdb.com/images/media/event/thumb/6tdqsn1601403966.jpg
1014157,2020-09-13,Round 10,Fluminense,2,Corinthians,1,,https://r2.thesportsdb.com/images/media/event/thumb/e4g1fu1601403968.jpg
1014158,2020-09-13,Round 10,Gremio,1,Fortaleza,1,,https://r2.thesportsdb.com/images/media/event/thumb/71a6m41601403969.jpg
1014154,2020-09-13,Round 10,Ceara,2,Flamengo,0,,https://r2.thesportsdb.com/images/media/event/thumb/v3zjse1601403966.jpg
1014159,2020-09-13,Round 10,Goias,1,Internacional,0,,https://r2.thesportsdb.com/images/media/event/thumb/tvymc11601403970.jpg
1014162,2020-09-13,Round 10,Bahia,0,Atletico GO,1,,https://r2.thesportsdb.com/images/media/event/thumb/ol6l0w1601403972.jpg
1014156,2020-09-13,Round 10,Atletico MG,2,Bragantino,1,,https://r2.thesportsdb.com/images/media/event/thumb/i9uo9n1601403967.jpg
1014161,2020-09-13,Round 10,Palmeiras,2,Sport Club do Recife,2,,https://r2.thesportsdb.com/images/media/event/thumb/cki3jx1601403971.jpg
1014160,2020-09-13,Round 10,Botafogo RJ,2,Vasco da Gama,3,,https://r2.thesportsdb.com/images/media/event/thumb/dqcwdm1601403971.jpg
1014167,2020-09-17,Round 11,Corinthians,3,Bahia,2,,https://r2.thesportsdb.com/images/media/event/thumb/ka86be1601403973.jpg
1014172,2020-09-20,Round 11,Atletico GO,3,Atletico MG,4,,https://r2.thesportsdb.com/images/media/event/thumb/xccz2w1601403979.jpg
1014166,2020-09-20,Round 11,Bragantino,4,Ceara,2,,https://r2.thesportsdb.com/images/media/event/thumb/pb5d3i1601403975.jpg
1014171,2020-09-20,Round 11,Fortaleza,1,Internacional,0,,https://r2.thesportsdb.com/images/media/event/thumb/hbwn681601403978.jpg
1014168,2020-09-20,Round 11,Gremio,1,Palmeiras,1,,https://r2.thesportsdb.com/images/media/event/thumb/e59rye1601403976.jpg
1014170,2020-09-20,Round 11,Coritiba,1,Vasco da Gama,0,,https://r2.thesportsdb.com/images/media/event/thumb/6bsijg1601403977.jpg
1014164,2020-09-20,Round 11,Botafogo RJ,0,Santos FC,0,,https://r2.thesportsdb.com/images/media/event/thumb/o9btq71601403974.jpg
1014169,2020-09-20,Round 11,Sport Club do Recife,1,Fluminense,0,,https://r2.thesportsdb.com/images/media/event/thumb/09zen71601403976.jpg
1014179,2020-09-24,Round 12,Sport Club do Recife,1,Corinthians,0,,https://r2.thesportsdb.com/images/media/event/thumb/vt3s161601403980.jpg
1014178,2020-09-27,Round 12,Internacional,1,Sao Paulo,1,,https://r2.thesportsdb.com/images/media/event/thumb/mj7b591601403984.jpg
1014177,2020-09-27,Round 12,Atletico MG,3,Gremio,1,,https://r2.thesportsdb.com/images/media/event/thumb/dgg1481601403983.jpg
1014180,2020-09-27,Round 12,Atletico PR,1,Bahia,0,,https://r2.thesportsdb.com/images/media/event/thumb/ki9cr01601403985.jpg
1014174,2020-09-27,Round 12,Vasco da Gama,1,Bragantino,1,,https://r2.thesportsdb.com/images/media/event/thumb/83uprq1601403981.jpg
1014175,2020-09-27,Round 12,Palmeiras,1,Flamengo,1,,https://r2.thesportsdb.com/images/media/event/thumb/fn0qer1601403982.jpg
1014181,2020-09-27,Round 12,Ceara,2,Goias,2,,https://r2.thesportsdb.com/images/media/event/thumb/8yz0tf1601403986.jpg
1014182,2020-09-27,Round 12,Atletico GO,1,Botafogo RJ,1,,https://r2.thesportsdb.com/images/media/event/thumb/8b4ygb1601403987.jpg
1014176,2020-09-27,Round 12,Santos FC,1,Fortaleza,1,,https://r2.thesportsdb.com/images/media/event/thumb/oma56d1601403983.jpg
1014173,2020-09-28,Round 12,Fluminense,4,Coritiba,0,,https://r2.thesportsdb.com/images/media/event/thumb/yvumfy1601403987.jpg
1043898,2020-10-01,Round 1,Botafogo RJ,1,Bahia,2,,https://r2.thesportsdb.com/images/media/event/thumb/fccv6g1601403988.jpg
1043899,2020-10-01,Round 1,Corinthians,0,Atletico GO,0,,https://r2.thesportsdb.com/images/media/event/thumb/gjug811601403989.jpg
1014188,2020-10-03,Round 13,Gremio,1,Internacional,1,,https://r2.thesportsdb.com/images/media/event/thumb/s63v641601403991.jpg
1014185,2020-10-04,Round 13,Palmeiras,2,Ceara,1,,https://r2.thesportsdb.com/images/media/event/thumb/ukxgnk1601403990.jpg
1014186,2020-10-04,Round 13,Bragantino,0,Corinthians,0,,https://r2.thesportsdb.com/images/media/event/thumb/jpiup01601403994.jpg
1014184,2020-10-04,Round 13,Botafogo RJ,1,Fluminense,1,,https://r2.thesportsdb.com/images/media/event/thumb/xqudak1601403993.jpg
1014183,2020-10-04,Round 13,Flamengo,3,Atletico PR,1,,https://r2.thesportsdb.com/images/media/event/thumb/u5ke9o1601403992.jpg
1014190,2020-10-04,Round 13,Coritiba,1,Sao Paulo,1,,https://r2.thesportsdb.com/images/media/event/thumb/57iitv1601403996.jpg
1014189,2020-10-04,Round 13,Bahia,1,Sport Club do Recife,2,,https://r2.thesportsdb.com/images/media/event/thumb/g34xip1601403995.jpg
1014191,2020-10-04,Round 13,Fortaleza,0,Atletico GO,0,,https://r2.thesportsdb.com/images/media/event/thumb/zdphfe1601403997.jpg
1014192,2020-10-04,Round 13,Goias,2,Santos FC,3,,https://r2.thesportsdb.com/images/media/event/thumb/0lnsj41601403998.jpg
1014187,2020-10-04,Round 13,Atletico MG,4,Vasco da Gama,1,,https://r2.thesportsdb.com/images/media/event/thumb/t3p0591601403995.jpg
1014198,2020-10-07,Round 14,Gremio,2,Coritiba,1,,https://r2.thesportsdb.com/images/media/event/thumb/f46g6m1601404001.jpg
1014199,2020-10-07,Round 14,Bahia,3,Vasco da Gama,0,,https://r2.thesportsdb.com/images/media/event/thumb/tjid4k1601404002.jpg
1014193,2020-10-07,Round 14,Flamengo,3,Sport Club do Recife,0,,https://r2.thesportsdb.com/images/media/event/thumb/bf6o5p1601403999.jpg
1014202,2020-10-07,Round 14,Goias,2,Fluminense,4,,https://r2.thesportsdb.com/images/media/event/thumb/azqi131601404003.jpg
1014195,2020-10-07,Round 14,Sao Paulo,3,Atletico GO,0,,https://r2.thesportsdb.com/images/media/event/thumb/dk16ox1601404000.jpg
1014197,2020-10-08,Round 14,Corinthians,1,Santos FC,1,,https://r2.thesportsdb.com/images/media/event/thumb/oj2d9p1601404000.jpg
1014201,2020-10-08,Round 14,Fortaleza,2,Atletico MG,1,,https://r2.thesportsdb.com/images/media/event/thumb/4j4bbl1601404005.jpg
1014194,2020-10-08,Round 14,Botafogo RJ,2,Palmeiras,1,,https://r2.thesportsdb.com/images/media/event/thumb/7e0d051601404004.jpg
1014196,2020-10-09,Round 14,Bragantino,0,Internacional,2,,https://r2.thesportsdb.com/images/media/event/thumb/y2s9261601404006.jpg
1014200,2020-10-09,Round 14,Atletico PR,0,Ceara,0,,https://r2.thesportsdb.com/images/media/event/thumb/tfw55g1601404005.jpg
1014204,2020-10-10,Round 15,Vasco da Gama,1,Flamengo,2,,https://r2.thesportsdb.com/images/media/event/thumb/8dto1m1601404007.jpg
1014205,2020-10-11,Round 15,Palmeiras,0,Sao Paulo,2,,https://r2.thesportsdb.com/images/media/event/thumb/uiqpgk1601404008.jpg
1014207,2020-10-11,Round 15,Atletico MG,3,Goias,0,,https://r2.thesportsdb.com/images/media/event/thumb/y960dn1601404011.jpg
1014210,2020-10-11,Round 15,Coritiba,0,Fortaleza,0,,https://r2.thesportsdb.com/images/media/event/thumb/rrwg3g1601404009.jpg
1014203,2020-10-11,Round 15,Fluminense,1,Bahia,0,,https://r2.thesportsdb.com/images/media/event/thumb/y2pehc1601404010.jpg
1014206,2020-10-11,Round 15,Santos FC,2,Gremio,1,,https://r2.thesportsdb.com/images/media/event/thumb/opn2dr1601404010.jpg
1014209,2020-10-11,Round 15,Sport Club do Recife,1,Botafogo RJ,2,,https://r2.thesportsdb.com/images/media/event/thumb/gu071m1601404013.jpg
1014212,2020-10-11,Round 15,Atletico GO,2,Bragantino,1,,https://r2.thesportsdb.com/images/media/event/thumb/4jyvx11601404015.jpg
1014208,2020-10-11,Round 15,Internacional,2,Atletico PR,1,,https://r2.thesportsdb.com/images/media/event/thumb/dc0aez1601404012.jpg
1014211,2020-10-11,Round 15,Ceara,2,Corinthians,1,,https://r2.thesportsdb.com/images/media/event/thumb/r7o3031601404014.jpg
1014163,2020-10-13,Round 11,Flamengo,2,Goias,1,,https://r2.thesportsdb.com/images/media/event/thumb/4c93za1601404015.jpg
1014215,2020-10-14,Round 16,Palmeiras,1,Coritiba,3,,https://r2.thesportsdb.com/images/media/event/thumb/8u09i91601404018.jpg
1014218,2020-10-14,Round 16,Gremio,3,Botafogo RJ,1,,https://r2.thesportsdb.com/images/media/event/thumb/vi3t5h1601404020.jpg
1014216,2020-10-14,Round 16,Santos FC,0,Atletico GO,1,,https://r2.thesportsdb.com/images/media/event/thumb/ai321v1601404019.jpg
1014217,2020-10-15,Round 16,Atletico MG,1,Fluminense,1,,https://r2.thesportsdb.com/images/media/event/thumb/i4nopu1601404020.jpg
1014219,2020-10-15,Round 16,Sport Club do Recife,3,Internacional,5,,https://r2.thesportsdb.com/images/media/event/thumb/s4aobq1601404021.jpg
1014220,2020-10-15,Round 16,Atletico PR,0,Corinthians,1,,https://r2.thesportsdb.com/images/media/event/thumb/upefk81601404022.jpg
1014213,2020-10-15,Round 16,Flamengo,1,Bragantino,1,,https://r2.thesportsdb.com/images/media/event/thumb/umjqx11601404016.jpg
1014222,2020-10-16,Round 16,Goias,1,Bahia,1,,https://r2.thesportsdb.com/images/media/event/thumb/owkjai1601404024.jpg
1014232,2020-10-18,Round 17,Atletico GO,1,Atletico PR,1,,https://r2.thesportsdb.com/images/media/event/thumb/frzwgc1601404033.jpg
1014230,2020-10-18,Round 17,Coritiba,1,Santos FC,2,,https://r2.thesportsdb.com/images/media/event/thumb/yg0u9z1601404031.jpg
1014225,2020-10-18,Round 17,Sao Paulo,0,Gremio,0,,https://r2.thesportsdb.com/images/media/event/thumb/suaea91601404026.jpg
1014223,2020-10-18,Round 17,Fluminense,2,Ceara,2,,https://r2.thesportsdb.com/images/media/event/thumb/vzqtml1601404025.jpg
1014227,2020-10-18,Round 17,Corinthians,1,Flamengo,5,,https://r2.thesportsdb.com/images/media/event/thumb/2o1tv01601404028.jpg
1014228,2020-10-18,Round 17,Internacional,2,Vasco da Gama,0,,https://r2.thesportsdb.com/images/media/event/thumb/rl11m31601404029.jpg
1014231,2020-10-18,Round 17,Fortaleza,2,Palmeiras,0,,https://r2.thesportsdb.com/images/media/event/thumb/r6r6ih1601404032.jpg
1014226,2020-10-18,Round 17,Bragantino,2,Sport Club do Recife,0,,https://r2.thesportsdb.com/images/media/event/thumb/ib6aun1601404027.jpg
1014229,2020-10-19,Round 17,Bahia,3,Atletico MG,1,,https://r2.thesportsdb.com/images/media/event/thumb/wmbe3y1601404030.jpg
1014224,2020-10-19,Round 17,Botafogo RJ,0,Goias,0,,https://r2.thesportsdb.com/images/media/event/thumb/5i65e31601404026.jpg
1014234,2020-10-22,Round 18,Vasco da Gama,1,Corinthians,2,,https://r2.thesportsdb.com/images/media/event/thumb/7juvxg1601404035.jpg
1014236,2020-10-24,Round 18,Bragantino,2,Goias,0,,https://r2.thesportsdb.com/images/media/event/thumb/sj726y1601404037.jpg
1014241,2020-10-25,Round 18,Ceara,2,Coritiba,1,,https://r2.thesportsdb.com/images/media/event/thumb/v1ia0a1601404041.jpg
1014237,2020-10-25,Round 18,Atletico MG,0,Sport Club do Recife,0,,https://r2.thesportsdb.com/images/media/event/thumb/jyr59q1601404037.jpg
1014233,2020-10-25,Round 18,Fluminense,3,Santos FC,1,,https://r2.thesportsdb.com/images/media/event/thumb/u40q4r1601404034.jpg
1014242,2020-10-25,Round 18,Atletico GO,0,Palmeiras,3,,https://r2.thesportsdb.com/images/media/event/thumb/rwx4uz1601404042.jpg
1014238,2020-10-25,Round 18,Internacional,2,Flamengo,2,,https://r2.thesportsdb.com/images/media/event/thumb/6r73t71601404038.jpg
1014240,2020-10-25,Round 18,Atletico PR,1,Gremio,2,,https://r2.thesportsdb.com/images/media/event/thumb/rstv4s1601404040.jpg
1014244,2020-10-31,Round 19,Botafogo RJ,2,Ceara,2,,https://r2.thesportsdb.com/images/media/event/thumb/3q1tr21601404044.jpg
1014250,2020-10-31,Round 19,Coritiba,1,Atletico GO,0,,https://r2.thesportsdb.com/images/media/event/thumb/iamx171601404049.jpg
1014247,2020-10-31,Round 19,Corinthians,1,Internacional,0,,https://r2.thesportsdb.com/images/media/event/thumb/jl32fv1601404046.jpg
1014251,2020-11-01,Round 19,Fortaleza,0,Fluminense,1,,https://r2.thesportsdb.com/images/media/event/thumb/itnx0s1601404050.jpg
1014249,2020-11-01,Round 19,Sport Club do Recife,1,Atletico PR,0,,https://r2.thesportsdb.com/images/media/event/thumb/63qai71601404048.jpg
1014243,2020-11-01,Round 19,Flamengo,1,Sao Paulo,4,,https://r2.thesportsdb.com/images/media/event/thumb/5061g61601404043.jpg
1014246,2020-11-01,Round 19,Santos FC,3,Bahia,1,,https://r2.thesportsdb.com/images/media/event/thumb/amqo451601404045.jpg
1014252,2020-11-01,Round 19,Goias,1,Vasco da Gama,1,,https://r2.thesportsdb.com/images/media/event/thumb/z0xhfg1601404050.jpg
1014245,2020-11-02,Round 19,Palmeiras,3,Atletico MG,0,,https://r2.thesportsdb.com/images/media/event/thumb/nl5c6x1601404045.jpg
1014248,2020-11-02,Round 19,Gremio,2,Bragantino,1,,https://r2.thesportsdb.com/images/media/event/thumb/fv1x6h1601404047.jpg
1014261,2020-11-07,Round 20,Atletico PR,2,Fortaleza,1,,https://r2.thesportsdb.com/images/media/event/thumb/9m81c11601404058.jpg
1014262,2020-11-07,Round 20,Sao Paulo,2,Goias,1,,https://r2.thesportsdb.com/images/media/event/thumb/7qrw0a1601404059.jpg
1014257,2020-11-08,Round 20,Atletico GO,1,Corinthians,1,,https://r2.thesportsdb.com/images/media/event/thumb/aw4p111601404055.jpg
1014255,2020-11-08,Round 20,Vasco da Gama,0,Palmeiras,1,,https://r2.thesportsdb.com/images/media/event/thumb/htih991601404053.jpg
1014260,2020-11-08,Round 20,Internacional,2,Coritiba,2,,https://r2.thesportsdb.com/images/media/event/thumb/i3kq4n1601404057.jpg
1014253,2020-11-08,Round 20,Atletico MG,4,Flamengo,0,,https://r2.thesportsdb.com/images/media/event/thumb/2owmok1601404051.jpg
1014254,2020-11-08,Round 20,Bahia,1,Botafogo RJ,0,,https://r2.thesportsdb.com/images/media/event/thumb/5f4gyq1601404052.jpg
1014256,2020-11-08,Round 20,Bragantino,1,Santos FC,1,,https://r2.thesportsdb.com/images/media/event/thumb/762iez1601404054.jpg
1014258,2020-11-08,Round 20,Fluminense,0,Gremio,1,,https://r2.thesportsdb.com/images/media/event/thumb/ufogd81601404055.jpg
1014259,2020-11-08,Round 20,Ceara,0,Sport Club do Recife,0,,https://r2.thesportsdb.com/images/media/event/thumb/9ty19s1601404056.jpg
1014239,2020-11-11,Round 18,Bahia,2,Fortaleza,1,,https://r2.thesportsdb.com/images/media/event/thumb/pn5p021601404039.jpg
1014264,2020-11-14,Round 21,Sport Club do Recife,0,Vasco da Gama,2,,https://r2.thesportsdb.com/images/media/event/thumb/ad968x1601404061.jpg
1014268,2020-11-14,Round 21,Santos FC,2,Internacional,0,,https://r2.thesportsdb.com/images/media/event/thumb/3cp5nf1601404065.jpg
1014270,2020-11-14,Round 21,Goias,0,Atletico PR,1,,https://r2.thesportsdb.com/images/media/event/thumb/52dqrr1601404067.jpg
1014271,2020-11-14,Round 21,Gremio,4,Ceara,2,,https://r2.thesportsdb.com/images/media/event/thumb/ax86pc1601404068.jpg
1014267,2020-11-14,Round 21,Corinthians,1,Atletico MG,2,,https://r2.thesportsdb.com/images/media/event/thumb/fap2jy1601404064.jpg
1014265,2020-11-14,Round 21,Fortaleza,2,Sao Paulo,3,,https://r2.thesportsdb.com/images/media/event/thumb/vmfupl1601404062.jpg
1014272,2020-11-15,Round 21,Flamengo,1,Atletico GO,1,,https://r2.thesportsdb.com/images/media/event/thumb/zei5di1601404060.jpg
1014263,2020-11-15,Round 21,Palmeiras,2,Fluminense,0,,https://r2.thesportsdb.com/images/media/event/thumb/v0vcxe1601404061.jpg
1014269,2020-11-16,Round 21,Coritiba,1,Bahia,2,,https://r2.thesportsdb.com/images/media/event/thumb/cpf0mg1601404066.jpg
1014266,2020-11-16,Round 21,Botafogo RJ,1,Bragantino,2,,https://r2.thesportsdb.com/images/media/event/thumb/gg842u1601404064.jpg
1050092,2020-11-18,Round 6,Atletico MG,0,Atletico PR,2,,https://r2.thesportsdb.com/images/media/event/thumb/21nh5p1601403930.jpg
1014214,2020-11-19,Round 16,Vasco da Gama,0,Fortaleza,0,,https://r2.thesportsdb.com/images/media/event/thumb/t97k461601404017.jpg
1014279,2020-11-20,Round 22,Bragantino,4,Bahia,0,,https://r2.thesportsdb.com/images/media/event/thumb/66dngr1601404074.jpg
1014276,2020-11-21,Round 22,Atletico PR,1,Santos FC,0,,https://r2.thesportsdb.com/images/media/event/thumb/v7s74l1601404071.jpg
1014280,2020-11-21,Round 22,Flamengo,3,Coritiba,1,,https://r2.thesportsdb.com/images/media/event/thumb/czl32v1601404075.jpg
1014275,2020-11-22,Round 22,Goias,1,Palmeiras,0,,https://r2.thesportsdb.com/images/media/event/thumb/avenau1601404071.jpg
1014274,2020-11-22,Round 22,Sao Paulo,1,Vasco da Gama,1,,https://r2.thesportsdb.com/images/media/event/thumb/lpwvke1601404070.jpg
1014277,2020-11-22,Round 22,Ceara,2,Atletico MG,2,,https://r2.thesportsdb.com/images/media/event/thumb/6lp11k1601404072.jpg
1014273,2020-11-22,Round 22,Internacional,1,Fluminense,2,,https://r2.thesportsdb.com/images/media/event/thumb/p2b4bd1601404069.jpg
1014281,2020-11-22,Round 22,Botafogo RJ,1,Fortaleza,2,,https://r2.thesportsdb.com/images/media/event/thumb/e3d1ur1601404076.jpg
1014278,2020-11-22,Round 22,Corinthians,0,Gremio,0,,https://r2.thesportsdb.com/images/media/event/thumb/5465j91601404073.jpg
1014282,2020-11-23,Round 22,Sport Club do Recife,0,Atletico GO,1,,https://r2.thesportsdb.com/images/media/event/thumb/4n56py1601404077.jpg
1014221,2020-11-25,Round 16,Ceara,1,Sao Paulo,1,,https://r2.thesportsdb.com/images/media/event/thumb/ckjx9b1601404023.jpg
1014284,2020-11-26,Round 23,Atletico MG,2,Botafogo RJ,1,,https://r2.thesportsdb.com/images/media/event/thumb/la7ex11601404079.jpg
1014287,2020-11-26,Round 23,Coritiba,0,Corinthians,1,,https://r2.thesportsdb.com/images/media/event/thumb/s12pgi1601404081.jpg
1014292,2020-11-26,Round 23,Fortaleza,1,Goias,1,,https://r2.thesportsdb.com/images/media/event/thumb/cz9re61601404085.jpg
1014289,2020-11-28,Round 23,Santos FC,4,Sport Club do Recife,2,,https://r2.thesportsdb.com/images/media/event/thumb/al9mem1601404083.jpg
1014290,2020-11-28,Round 23,Palmeiras,3,Atletico PR,0,,https://r2.thesportsdb.com/images/media/event/thumb/49lb8w1601404084.jpg
1014285,2020-11-28,Round 23,Bahia,1,Sao Paulo,3,,https://r2.thesportsdb.com/images/media/event/thumb/7t2n481601404079.jpg
1014288,2020-11-29,Round 23,Atletico GO,0,Internacional,0,,https://r2.thesportsdb.com/images/media/event/thumb/43q9sr1601404082.jpg
1014291,2020-11-30,Round 23,Vasco da Gama,1,Ceara,4,,https://r2.thesportsdb.com/images/media/event/thumb/gbescf1601404085.jpg
1014122,2020-11-30,Round 6,Gremio,2,Goias,1,,https://r2.thesportsdb.com/images/media/event/thumb/fzmpgb1601403937.jpg
1014286,2020-11-30,Round 23,Fluminense,0,Bragantino,0,,https://r2.thesportsdb.com/images/media/event/thumb/2a5qa81601404080.jpg
1014297,2020-12-03,Round 24,Fortaleza,0,Corinthians,0,,https://r2.thesportsdb.com/images/media/event/thumb/bs0ups1601404090.jpg
1043896,2020-12-03,Round 1,Goias,0,Sao Paulo,3,,https://r2.thesportsdb.com/images/media/event/thumb/ge7pod1601403892.jpg
1014293,2020-12-05,Round 24,Botafogo RJ,0,Flamengo,1,,https://r2.thesportsdb.com/images/media/event/thumb/lw4xp71601404086.jpg
1014295,2020-12-05,Round 24,Santos FC,2,Palmeiras,2,,https://r2.thesportsdb.com/images/media/event/thumb/9sau461601404088.jpg
1014301,2020-12-05,Round 24,Bahia,0,Ceara,2,,https://r2.thesportsdb.com/images/media/event/thumb/0b4end1601404093.jpg
1014300,2020-12-05,Round 24,Fluminense,3,Atletico PR,1,,https://r2.thesportsdb.com/images/media/event/thumb/b3wi271601404092.jpg
1014296,2020-12-06,Round 24,Coritiba,0,Bragantino,0,,https://r2.thesportsdb.com/images/media/event/thumb/0ndc6i1601404089.jpg
1014294,2020-12-06,Round 24,Gremio,4,Vasco da Gama,0,,https://r2.thesportsdb.com/images/media/event/thumb/ah6ljy1601404087.jpg
1014299,2020-12-06,Round 24,Sao Paulo,1,Sport Club do Recife,0,,https://r2.thesportsdb.com/images/media/event/thumb/etud541601404091.jpg
1014298,2020-12-06,Round 24,Atletico MG,2,Internacional,2,,https://r2.thesportsdb.com/images/media/event/thumb/gbxap91601404091.jpg
1014302,2020-12-07,Round 24,Atletico GO,0,Goias,1,,https://r2.thesportsdb.com/images/media/event/thumb/ec4otx1601404094.jpg
1014235,2020-12-10,Round 18,Sao Paulo,4,Botafogo RJ,0,,https://r2.thesportsdb.com/images/media/event/thumb/8z9v6x1601404036.jpg
1014311,2020-12-12,Round 25,Bragantino,2,Fortaleza,1,,https://r2.thesportsdb.com/images/media/event/thumb/e35ink1601404102.jpg
1014307,2020-12-12,Round 25,Atletico PR,0,Atletico MG,1,,https://r2.thesportsdb.com/images/media/event/thumb/m8lvrm1601404098.jpg
1014309,2020-12-12,Round 25,Palmeiras,3,Bahia,0,,https://r2.thesportsdb.com/images/media/event/thumb/jfb5sy1601404100.jpg
1014304,2020-12-12,Round 25,Internacional,2,Botafogo RJ,1,,https://r2.thesportsdb.com/images/media/event/thumb/5y98wl1601404095.jpg
1014308,2020-12-13,Round 25,Goias,0,Gremio,0,,https://r2.thesportsdb.com/images/media/event/thumb/tm2zy01601404099.jpg
1014312,2020-12-13,Round 25,Ceara,1,Atletico GO,2,,https://r2.thesportsdb.com/images/media/event/thumb/1uwgi81601404103.jpg
1014306,2020-12-13,Round 25,Flamengo,4,Santos FC,1,,https://r2.thesportsdb.com/images/media/event/thumb/l9hn1d1601404097.jpg
1014305,2020-12-13,Round 25,Corinthians,1,Sao Paulo,0,,https://r2.thesportsdb.com/images/media/event/thumb/5ervxd1601404096.jpg
1014310,2020-12-13,Round 25,Sport Club do Recife,1,Coritiba,0,,https://r2.thesportsdb.com/images/media/event/thumb/0143jl1601404101.jpg
1014303,2020-12-13,Round 25,Vasco da Gama,1,Fluminense,1,,https://r2.thesportsdb.com/images/media/event/thumb/h863741601404095.jpg
1014317,2020-12-17,Round 26,Sao Paulo,3,Atletico MG,0,,https://r2.thesportsdb.com/images/media/event/thumb/xq0ldo1601404107.jpg
1014313,2020-12-17,Round 26,Atletico GO,2,Fluminense,1,,https://r2.thesportsdb.com/images/media/event/thumb/nxjvbc1601404103.jpg
1014318,2020-12-19,Round 26,Sport Club do Recife,1,Gremio,1,,https://r2.thesportsdb.com/images/media/event/thumb/uz97fj1601404107.jpg
1014315,2020-12-20,Round 26,Internacional,2,Palmeiras,0,,https://r2.thesportsdb.com/images/media/event/thumb/vkgbab1601404105.jpg
1014314,2020-12-20,Round 26,Coritiba,1,Botafogo RJ,2,,https://r2.thesportsdb.com/images/media/event/thumb/pntxcm1601404104.jpg
1014316,2020-12-20,Round 26,Vasco da Gama,1,Santos FC,0,,https://r2.thesportsdb.com/images/media/event/thumb/xar0zk1601404106.jpg
1014320,2020-12-20,Round 26,Bragantino,0,Atletico PR,1,,https://r2.thesportsdb.com/images/media/event/thumb/ab75pj1601404109.jpg
1014319,2020-12-20,Round 26,Flamengo,4,Bahia,3,,https://r2.thesportsdb.com/images/media/event/thumb/xtzzqm1601404108.jpg
1014321,2020-12-20,Round 26,Fortaleza,0,Ceara,2,,https://r2.thesportsdb.com/images/media/event/thumb/tng8rg1601404110.jpg
1014322,2020-12-21,Round 26,Corinthians,2,Goias,1,,https://r2.thesportsdb.com/images/media/event/thumb/lfthat1601404111.jpg
1014330,2020-12-26,Round 27,Atletico MG,2,Coritiba,0,,https://r2.thesportsdb.com/images/media/event/thumb/2kl5lm1601404118.jpg
1014329,2020-12-26,Round 27,Goias,1,Sport Club do Recife,0,,https://r2.thesportsdb.com/images/media/event/thumb/9dhb861601404117.jpg
1014323,2020-12-26,Round 27,Fortaleza,0,Flamengo,0,,https://r2.thesportsdb.com/images/media/event/thumb/ae3q7e1601404112.jpg
1014325,2020-12-27,Round 27,Fluminense,1,Sao Paulo,2,,https://r2.thesportsdb.com/images/media/event/thumb/pq1dtb1601404113.jpg
1014327,2020-12-27,Round 27,Botafogo RJ,0,Corinthians,2,,https://r2.thesportsdb.com/images/media/event/thumb/5dums81601404115.jpg
1014328,2020-12-27,Round 27,Bahia,1,Internacional,2,,https://r2.thesportsdb.com/images/media/event/thumb/ymzvjb1601404116.jpg
1014326,2020-12-27,Round 27,Palmeiras,1,Bragantino,0,,https://r2.thesportsdb.com/images/media/event/thumb/hnu8oz1601404114.jpg
1014324,2020-12-27,Round 27,Atletico PR,3,Vasco da Gama,0,,https://r2.thesportsdb.com/images/media/event/thumb/n0lupt1601404113.jpg
1014331,2020-12-27,Round 27,Santos FC,1,Ceara,1,,https://r2.thesportsdb.com/images/media/event/thumb/m7rj8c1601404119.jpg
1014332,2020-12-27,Round 27,Gremio,2,Atletico GO,1,,https://r2.thesportsdb.com/images/media/event/thumb/x0vekn1601404119.jpg
1014339,2021-01-06,Round 28,Gremio,2,Bahia,1,,https://r2.thesportsdb.com/images/media/event/thumb/z7qr281601404125.jpg
1014340,2021-01-06,Round 28,Botafogo RJ,0,Atletico PR,2,,https://r2.thesportsdb.com/images/media/event/thumb/ypud8u1601404126.jpg
1014341,2021-01-06,Round 28,Sport Club do Recife,1,Fortaleza,0,,https://r2.thesportsdb.com/images/media/event/thumb/hgm0m21601404127.jpg
1014342,2021-01-06,Round 28,Coritiba,1,Goias,2,,https://r2.thesportsdb.com/images/media/event/thumb/fax9le1601404128.jpg
1014335,2021-01-07,Round 28,Bragantino,4,Sao Paulo,2,,https://r2.thesportsdb.com/images/media/event/thumb/o36rw31601404122.jpg
1014333,2021-01-07,Round 28,Flamengo,1,Fluminense,2,,https://r2.thesportsdb.com/images/media/event/thumb/8g4vc21601404120.jpg
1014338,2021-01-07,Round 28,Ceara,0,Internacional,2,,https://r2.thesportsdb.com/images/media/event/thumb/nbyzfc1601404124.jpg
1014334,2021-01-08,Round 28,Atletico GO,0,Vasco da Gama,0,,https://r2.thesportsdb.com/images/media/event/thumb/kz3tuj1601404121.jpg
1014345,2021-01-09,Round 29,Sport Club do Recife,0,Palmeiras,1,,https://r2.thesportsdb.com/images/media/event/thumb/52h98e1601404130.jpg
1014350,2021-01-09,Round 29,Coritiba,0,Atletico PR,0,,https://r2.thesportsdb.com/images/media/event/thumb/mrk9dp1601404134.jpg
1014348,2021-01-10,Round 29,Fortaleza,0,Gremio,0,,https://r2.thesportsdb.com/images/media/event/thumb/2y355d1601404133.jpg
1014346,2021-01-10,Round 29,Sao Paulo,0,Santos FC,1,,https://r2.thesportsdb.com/images/media/event/thumb/4aq5z31601404131.jpg
1014351,2021-01-10,Round 29,Flamengo,0,Ceara,2,,https://r2.thesportsdb.com/images/media/event/thumb/41jbvi1601404135.jpg
1014349,2021-01-10,Round 29,Atletico GO,1,Bahia,1,,https://r2.thesportsdb.com/images/media/event/thumb/n67r4i1601404134.jpg
1014352,2021-01-10,Round 29,Internacional,1,Goias,0,,https://r2.thesportsdb.com/images/media/event/thumb/3yz5r41601404136.jpg
1014344,2021-01-10,Round 29,Vasco da Gama,3,Botafogo RJ,0,,https://r2.thesportsdb.com/images/media/event/thumb/6te90g1601404129.jpg
1014347,2021-01-11,Round 29,Bragantino,2,Atletico MG,2,,https://r2.thesportsdb.com/images/media/event/thumb/ezmv3n1601404132.jpg
1014343,2021-01-14,Round 29,Corinthians,5,Fluminense,0,,https://r2.thesportsdb.com/images/media/event/thumb/6q18mw1601404129.jpg
1014358,2021-01-16,Round 30,Palmeiras,1,Gremio,1,,https://r2.thesportsdb.com/images/media/event/thumb/smcrk11601404141.jpg
1014359,2021-01-16,Round 30,Fluminense,1,Sport Club do Recife,0,,https://r2.thesportsdb.com/images/media/event/thumb/ecgmnd1601404142.jpg
1014360,2021-01-17,Round 30,Vasco da Gama,0,Coritiba,1,,https://r2.thesportsdb.com/images/media/event/thumb/gov6vq1601404143.jpg
1014355,2021-01-17,Round 30,Atletico PR,1,Sao Paulo,1,,https://r2.thesportsdb.com/images/media/event/thumb/3lmsjd1601404138.jpg
1014354,2021-01-17,Round 30,Santos FC,2,Botafogo RJ,1,,https://r2.thesportsdb.com/images/media/event/thumb/0olrsn1601404138.jpg
1014362,2021-01-17,Round 30,Atletico MG,3,Atletico GO,1,,https://r2.thesportsdb.com/images/media/event/thumb/kwjbbd1601404144.jpg
1014356,2021-01-17,Round 30,Ceara,1,Bragantino,2,,https://r2.thesportsdb.com/images/media/event/thumb/k85rxb1601404139.jpg
1014361,2021-01-17,Round 30,Internacional,4,Fortaleza,2,,https://r2.thesportsdb.com/images/media/event/thumb/xavzfn1601404143.jpg
1014337,2021-01-18,Round 28,Palmeiras,4,Corinthians,0,,https://r2.thesportsdb.com/images/media/event/thumb/e6q8ue1601404123.jpg
1014353,2021-01-18,Round 30,Goias,0,Flamengo,3,,https://r2.thesportsdb.com/images/media/event/thumb/dr8unf1601404137.jpg
1014372,2021-01-20,Round 31,Botafogo RJ,1,Atletico GO,3,,https://r2.thesportsdb.com/images/media/event/thumb/n5ecel1601404153.jpg
1014370,2021-01-20,Round 31,Bahia,1,Atletico PR,0,,https://r2.thesportsdb.com/images/media/event/thumb/8hqti11601404151.jpg
1014367,2021-01-20,Round 31,Gremio,1,Atletico MG,1,,https://r2.thesportsdb.com/images/media/event/thumb/hg475i1601404148.jpg
1014363,2021-01-20,Round 31,Coritiba,3,Fluminense,3,,https://r2.thesportsdb.com/images/media/event/thumb/rwjo191601404145.jpg
1014368,2021-01-21,Round 31,Sao Paulo,1,Internacional,5,,https://r2.thesportsdb.com/images/media/event/thumb/3pd7bs1601404149.jpg
1014364,2021-01-21,Round 31,Bragantino,4,Vasco da Gama,1,,https://r2.thesportsdb.com/images/media/event/thumb/g6quzl1601404146.jpg
1014371,2021-01-21,Round 31,Goias,0,Ceara,4,,https://r2.thesportsdb.com/images/media/event/thumb/qb0u7l1601404152.jpg
1014365,2021-01-21,Round 31,Flamengo,2,Palmeiras,0,,https://r2.thesportsdb.com/images/media/event/thumb/sb22511601404147.jpg
1014366,2021-01-21,Round 31,Fortaleza,2,Santos FC,0,,https://r2.thesportsdb.com/images/media/event/thumb/ys2arx1601404148.jpg
1014369,2021-01-22,Round 31,Corinthians,3,Sport Club do Recife,0,,https://r2.thesportsdb.com/images/media/event/thumb/pv90421601404150.jpg
1014380,2021-01-23,Round 32,Sao Paulo,1,Coritiba,1,,https://r2.thesportsdb.com/images/media/event/thumb/lplr341601404164.jpg
1014377,2021-01-24,Round 32,Vasco da Gama,3,Atletico MG,2,,https://r2.thesportsdb.com/images/media/event/thumb/mub4s71601404158.jpg
1014375,2021-01-24,Round 32,Ceara,2,Palmeiras,1,,https://r2.thesportsdb.com/images/media/event/thumb/ar9o4o1601404155.jpg
1014373,2021-01-24,Round 32,Atletico PR,2,Flamengo,1,,https://r2.thesportsdb.com/images/media/event/thumb/4duin11601404154.jpg
1014378,2021-01-24,Round 32,Internacional,2,Gremio,1,,https://r2.thesportsdb.com/images/media/event/thumb/o7c9mt1601404161.jpg
1014379,2021-01-24,Round 32,Sport Club do Recife,2,Bahia,0,,https://r2.thesportsdb.com/images/media/event/thumb/5686tw1601404163.jpg
1014381,2021-01-24,Round 32,Atletico GO,2,Fortaleza,0,,https://r2.thesportsdb.com/images/media/event/thumb/qw8px21601404167.jpg
1014382,2021-01-24,Round 32,Santos FC,3,Goias,4,,https://r2.thesportsdb.com/images/media/event/thumb/37w3vg1601404168.jpg
1014374,2021-01-24,Round 32,Fluminense,2,Botafogo RJ,0,,https://r2.thesportsdb.com/images/media/event/thumb/honq7y1601404154.jpg
1014376,2021-01-25,Round 32,Corinthians,0,Bragantino,2,,https://r2.thesportsdb.com/images/media/event/thumb/tqhhge1601404156.jpg
1014336,2021-01-26,Round 28,Atletico MG,2,Santos FC,0,,https://r2.thesportsdb.com/images/media/event/thumb/gkdzoy1601404123.jpg
1043897,2021-01-26,Round 1,Palmeiras,1,Vasco da Gama,1,,https://r2.thesportsdb.com/images/media/event/thumb/l4is881601403893.jpg
1014357,2021-01-28,Round 30,Bahia,2,Corinthians,1,,https://r2.thesportsdb.com/images/media/event/thumb/p3ezde1601404140.jpg
1014283,2021-01-28,Round 23,Gremio,2,Flamengo,4,,https://r2.thesportsdb.com/images/media/event/thumb/q5mc5a1601404078.jpg
1014385,2021-01-31,Round 33,Atletico GO,2,Sao Paulo,1,,https://r2.thesportsdb.com/images/media/event/thumb/2jdlgh1601404171.jpg
1014388,2021-01-31,Round 33,Coritiba,1,Gremio,1,,https://r2.thesportsdb.com/images/media/event/thumb/3nrskz1601404175.jpg
1014389,2021-01-31,Round 33,Vasco da Gama,0,Bahia,0,,https://r2.thesportsdb.com/images/media/event/thumb/ahng5i1601404175.jpg
1014390,2021-01-31,Round 33,Ceara,0,Atletico PR,2,,https://r2.thesportsdb.com/images/media/event/thumb/nrym081601404176.jpg
1014391,2021-01-31,Round 33,Atletico MG,2,Fortaleza,0,,https://r2.thesportsdb.com/images/media/event/thumb/kbbvrm1601404177.jpg
1014386,2021-01-31,Round 33,Internacional,2,Bragantino,1,,https://r2.thesportsdb.com/images/media/event/thumb/f8bm2l1601404172.jpg
1014392,2021-01-31,Round 33,Fluminense,3,Goias,0,,https://r2.thesportsdb.com/images/media/event/thumb/allfx21601404179.jpg
1014383,2021-02-01,Round 33,Sport Club do Recife,0,Flamengo,3,,https://r2.thesportsdb.com/images/media/event/thumb/s59b5x1601404169.jpg
1014384,2021-02-02,Round 33,Palmeiras,1,Botafogo RJ,1,,https://r2.thesportsdb.com/images/media/event/thumb/55ychu1601404170.jpg
1014396,2021-02-03,Round 34,Gremio,3,Santos FC,3,,https://r2.thesportsdb.com/images/media/event/thumb/gu0m1d1601404185.jpg
1014402,2021-02-03,Round 34,Bragantino,2,Atletico GO,0,,https://r2.thesportsdb.com/images/media/event/thumb/52fpc01601404190.jpg
1014393,2021-02-04,Round 34,Bahia,0,Fluminense,1,,https://r2.thesportsdb.com/images/media/event/thumb/y5qq1r1601404182.jpg
1014401,2021-02-04,Round 34,Corinthians,2,Ceara,1,,https://r2.thesportsdb.com/images/media/event/thumb/msi2my1601404190.jpg
1014397,2021-02-04,Round 34,Goias,1,Atletico MG,0,,https://r2.thesportsdb.com/images/media/event/thumb/tlecn11601404186.jpg
1014400,2021-02-04,Round 34,Fortaleza,3,Coritiba,1,,https://r2.thesportsdb.com/images/media/event/thumb/ssqmy21601404189.jpg
1014394,2021-02-05,Round 34,Flamengo,2,Vasco da Gama,0,,https://r2.thesportsdb.com/images/media/event/thumb/j2ie3g1601404183.jpg
1014398,2021-02-05,Round 34,Atletico PR,0,Internacional,0,,https://r2.thesportsdb.com/images/media/event/thumb/jl9hn91601404187.jpg
1014399,2021-02-05,Round 34,Botafogo RJ,0,Sport Club do Recife,1,,https://r2.thesportsdb.com/images/media/event/thumb/1epugn1601404188.jpg
1014412,2021-02-06,Round 35,Bahia,3,Goias,3,,https://r2.thesportsdb.com/images/media/event/thumb/goaxza1601404199.jpg
1014406,2021-02-07,Round 35,Atletico GO,1,Santos FC,1,,https://r2.thesportsdb.com/images/media/event/thumb/xp9abr1601404194.jpg
1014403,2021-02-07,Round 35,Bragantino,1,Flamengo,1,,https://r2.thesportsdb.com/images/media/event/thumb/pwpn4s1601404191.jpg
1014408,2021-02-08,Round 35,Botafogo RJ,2,Gremio,5,,https://r2.thesportsdb.com/images/media/event/thumb/l9afdv1601404196.jpg
1014409,2021-02-10,Round 35,Internacional,1,Sport Club do Recife,2,,https://r2.thesportsdb.com/images/media/event/thumb/ldvtr61601404197.jpg
1014404,2021-02-10,Round 35,Fortaleza,3,Vasco da Gama,0,,https://r2.thesportsdb.com/images/media/event/thumb/kccl6y1601404192.jpg
1014411,2021-02-11,Round 35,Sao Paulo,1,Ceara,1,,https://r2.thesportsdb.com/images/media/event/thumb/0jg9jo1601404198.jpg
1014410,2021-02-11,Round 35,Corinthians,3,Atletico PR,3,,https://r2.thesportsdb.com/images/media/event/thumb/zezhs61601404197.jpg
1014407,2021-02-11,Round 35,Fluminense,0,Atletico MG,0,,https://r2.thesportsdb.com/images/media/event/thumb/mnxdpd1601404195.jpg
1014414,2021-02-13,Round 36,Goias,2,Botafogo RJ,0,,https://r2.thesportsdb.com/images/media/event/thumb/5xr5vt1601404201.jpg
1014420,2021-02-13,Round 36,Santos FC,2,Coritiba,0,,https://r2.thesportsdb.com/images/media/event/thumb/zozb951601404206.jpg
1014419,2021-02-13,Round 36,Atletico MG,1,Bahia,1,,https://r2.thesportsdb.com/images/media/event/thumb/33d0jn1601404205.jpg
1014417,2021-02-14,Round 36,Flamengo,2,Corinthians,1,,https://r2.thesportsdb.com/images/media/event/thumb/ipvdc21601404204.jpg
1014421,2021-02-14,Round 36,Palmeiras,3,Fortaleza,0,,https://r2.thesportsdb.com/images/media/event/thumb/m2lwyc1601404208.jpg
1014418,2021-02-14,Round 36,Vasco da Gama,0,Internacional,2,,https://r2.thesportsdb.com/images/media/event/thumb/f7nd2w1601404204.jpg
1014422,2021-02-14,Round 36,Atletico PR,2,Atletico GO,1,,https://r2.thesportsdb.com/images/media/event/thumb/rj668v1601404208.jpg
1014415,2021-02-14,Round 36,Gremio,1,Sao Paulo,2,,https://r2.thesportsdb.com/images/media/event/thumb/fh9web1601404202.jpg
1014413,2021-02-15,Round 36,Ceara,1,Fluminense,3,,https://r2.thesportsdb.com/images/media/event/thumb/hv671a1601404200.jpg
1014416,2021-02-15,Round 36,Sport Club do Recife,0,Bragantino,0,,https://r2.thesportsdb.com/images/media/event/thumb/8uiylg1601404203.jpg
1014405,2021-02-17,Round 35,Coritiba,1,Palmeiras,0,,https://r2.thesportsdb.com/images/media/event/thumb/nsfz6z1601404193.jpg
1014387,2021-02-17,Round 33,Santos FC,1,Corinthians,0,,https://r2.thesportsdb.com/images/media/event/thumb/mhqrsr1601404174.jpg
1014395,2021-02-19,Round 34,Sao Paulo,1,Palmeiras,1,,https://r2.thesportsdb.com/images/media/event/thumb/c9izyj1601404184.jpg
1014431,2021-02-20,Round 37,Coritiba,0,Ceara,2,,https://r2.thesportsdb.com/images/media/event/thumb/cg90id1601404216.jpg
1014429,2021-02-21,Round 37,Fortaleza,0,Bahia,4,,https://r2.thesportsdb.com/images/media/event/thumb/7on5ms1601404214.jpg
1014424,2021-02-21,Round 37,Corinthians,0,Vasco da Gama,0,,https://r2.thesportsdb.com/images/media/event/thumb/fswor81601404210.jpg
1014427,2021-02-21,Round 37,Sport Club do Recife,2,Atletico MG,3,,https://r2.thesportsdb.com/images/media/event/thumb/j1ckft1601404213.jpg
1014428,2021-02-21,Round 37,Flamengo,2,Internacional,1,,https://r2.thesportsdb.com/images/media/event/thumb/tdxn201601404213.jpg
1014423,2021-02-21,Round 37,Santos FC,1,Fluminense,1,,https://r2.thesportsdb.com/images/media/event/thumb/r0viqp1601404209.jpg
1014430,2021-02-21,Round 37,Gremio,1,Atletico PR,0,,https://r2.thesportsdb.com/images/media/event/thumb/7vew7e1601404215.jpg
1014426,2021-02-21,Round 37,Goias,0,Bragantino,0,,https://r2.thesportsdb.com/images/media/event/thumb/1d5rx51601404212.jpg
1014432,2021-02-22,Round 37,Palmeiras,1,Atletico GO,1,,https://r2.thesportsdb.com/images/media/event/thumb/k6lare1601404217.jpg
1014425,2021-02-22,Round 37,Botafogo RJ,1,Sao Paulo,0,,https://r2.thesportsdb.com/images/media/event/thumb/q03xhz1601404211.jpg
1014433,2021-02-26,Round 38,Sao Paulo,2,Flamengo,1,,https://r2.thesportsdb.com/images/media/event/thumb/gwh8l81601404218.jpg
1014434,2021-02-26,Round 38,Ceara,2,Botafogo RJ,1,,https://r2.thesportsdb.com/images/media/event/thumb/o5wj981601404219.jpg
1014436,2021-02-26,Round 38,Bahia,2,Santos FC,0,,https://r2.thesportsdb.com/images/media/event/thumb/w4j0ej1601404220.jpg
1014437,2021-02-26,Round 38,Internacional,0,Corinthians,0,,https://r2.thesportsdb.com/images/media/event/thumb/8zr5bl1601404221.jpg
1014438,2021-02-26,Round 38,Bragantino,1,Gremio,0,,https://r2.thesportsdb.com/images/media/event/thumb/pz393a1601404222.jpg
1014439,2021-02-26,Round 38,Atletico PR,2,Sport Club do Recife,0,,https://r2.thesportsdb.com/images/media/event/thumb/z59xe61601404223.jpg
1014440,2021-02-26,Round 38,Atletico GO,3,Coritiba,1,,https://r2.thesportsdb.com/images/media/event/thumb/blz2zd1601404224.jpg
1014441,2021-02-26,Round 38,Fluminense,2,Fortaleza,0,,https://r2.thesportsdb.com/images/media/event/thumb/p021ki1601404224.jpg
1014442,2021-02-26,Round 38,Vasco da Gama,3,Goias,2,,https://r2.thesportsdb.com/images/media/event/thumb/zjwjlf1601404225.jpg
1014435,2021-02-26,Round 38,Atletico MG,2,Palmeiras,0,,https://r2.thesportsdb.com/images/media/event/thumb/tmil6k1601404219.jpg