#,Data,PenaltisMandante,Mandante,GolsMandante,GolsVisitante,Visitante,PenaltisVisitante,Competicao,Estadio,Cidade,Arbitro,ArbitroLocal,Gol1,Gol2,Gol3,Gol4,Gol5,Gol6,Gol7,Gol8,Gol9,Gol10,Gol11,Tecnico Gremio,Tecnico Inter
1,18/07/1909,,Grêmio,10,0,Internacional,,Amistoso,Baixada,Porto Alegre,,,,,,,,,,,,,,,
2,17/07/1910,,Grêmio,5,0,Internacional,,Citadino,Baixada,Porto Alegre,,,,,,,,,,,,,,,
3,18/06/1911,,Grêmio,10,1,Internacional,,Citadino,Escola de Guerra,Porto Alegre,,,,,,,,,,,,,,,
4,23/06/1912,,Grêmio,6,0,Internacional,,Citadino,Baixada,Porto Alegre,,,,,,,,,,,,,,,
5,15/09/1912,,Grêmio,2,1,Internacional,,Citadino,Baixada,Porto Alegre,,,,,,,,,,,,,,,
6,08/07/1913,,Internacional,1,2,Grêmio,,Citadino,Chácara dos Eucaliptos,Porto Alegre,,,,,,,,,,,,,,,
7,31/10/1915,,Grêmio,1,4,Internacional,,Amistoso,Baixada,Porto Alegre,,,,,,,,,,,,,,,
8,30/07/1916,,Internacional,6,1,Grêmio,,Citadino,Chácara dos Eucaliptos,Porto Alegre,,,,,,,,,,,,,,,
9,29/10/1916,,Grêmio,2,3,Internacional,,Citadino,Baixada,Porto Alegre,,,,,,,,,,,,,,,
10,19/05/1918,,Internacional,5,3,Grêmio,,Citadino,Chácara dos Eucaliptos,Porto Alegre,,,,,,,,,,,,,,,
11,04/08/1918,,Grêmio,1,0,Internacional,,Citadino,Baixada,Porto Alegre,,,,,,,,,,,,,,,
12,20/07/1919,,Internacional,2,0,Grêmio,,Citadino,Chácara dos Eucaliptos,Porto Alegre,,,,,,,,,,,,,,,
13,14/09/1919,,Grêmio,3,2,Internacional,,Citadino,Baixada,Porto Alegre,,,,,,,,,,,,,,,
14,02/05/1920,,Internacional,1,4,Grêmio,,Citadino,Chácara dos Eucaliptos,Porto Alegre,,,,,,,,,,,,,,,
15,22/08/1920,,Grêmio,2,1,Internacional,,Citadino,Baixada,Porto Alegre,,,,,,,,,,,,,,,
16,23/09/1923,,Grêmio,3,2,Internacional,,Amistoso,Baixada,Porto Alegre,,,,,,,,,,,,,,,
17,01/11/1923,,Internacional,0,1,Grêmio,,Amistoso,Chácara dos Eucaliptos,Porto Alegre,,,,,,,,,,,,,,,
18,27/04/1924,,Grêmio,4,3,Internacional,,Amistoso,Baixada,Porto Alegre,,,,,,,,,,,,,,,
19,12/11/1924,,Internacional,2,1,Grêmio,,Amistoso,Chácara dos Eucaliptos,Porto Alegre,,,,,,,,,,,,,,,
20,24/05/1925,,Grêmio,3,3,Internacional,,Citadino,Baixada,Porto Alegre,,,,,,,,,,,,,,,
21,11/10/1925,,Grêmio,2,2,Internacional,,Citadino,Chácara dos Eucaliptos,Porto Alegre,,,,,,,,,,,,,,,
22,27/06/1926,,Internacional,1,4,Grêmio,,Citadino,Chácara dos Eucaliptos,Porto Alegre,,,,,,,,,,,,,,,
23,14/11/1926,,Grêmio,4,3,Internacional,,Citadino,Baixada,Porto Alegre,,,,,,,,,,,,,,,
24,08/05/1927,,Internacional,3,2,Grêmio,,Citadino,Chácara dos Eucaliptos,Porto Alegre,,,,,,,,,,,,,,,
25,12/06/1927,,Grêmio,1,3,Internacional,,Citadino,Baixada,Porto Alegre,,,,,,,,,,,,,,,
26,10/06/1928,,Internacional,2,3,Grêmio,,Citadino,Chácara dos Eucaliptos,Porto Alegre,,,,,,,,,,,,,,,
27,26/08/1928,,Grêmio,2,2,Internacional,,Citadino,Baixada,Porto Alegre,,,,,,,,,,,,,,,
28,19/11/1928,,Internacional,0,2,Grêmio,,Amistoso,Chácara dos Eucaliptos,Porto Alegre,,,,,,,,,,,,,,,
29,26/05/1929,,Grêmio,2,1,Internacional,,Amistoso,Baixada,Porto Alegre,,,,,,,,,,,,,,,
30,14/07/1929,,Internacional,4,2,Grêmio,,Citadino,Chácara dos Eucaliptos,Porto Alegre,,,,,,,,,,,,,,,
31,10/11/1929,,Grêmio,2,1,Internacional,,Citadino,Baixada,Porto Alegre,,,,,,,,,,,,,,,
32,04/05/1930,,Grêmio,3,1,Internacional,,Citadino,Baixada,Porto Alegre,,,,,,,,,,,,,,,
33,14/09/1930,,Grêmio,1,1,Internacional,,Citadino,Campo do Porto Alegre,Porto Alegre,,,,,,,,,,,,,,,
34,15/03/1931,,Internacional,3,0,Grêmio,,Amistoso,Eucaliptos,Porto Alegre,,,,,,,,,,,,,,,
35,26/04/1931,,Internacional,1,0,Grêmio,,Citadino,Eucaliptos,Porto Alegre,,,,,,,,,,,,,,,
36,28/07/1931,,Grêmio,2,0,Internacional,,Amistoso,Baixada,Porto Alegre,,,,,,,,,,,,,,,
37,18/10/1931,,Grêmio,2,1,Internacional,,Citadino,Baixada,Porto Alegre,,,,,,,,,,,,,,,
38,10/07/1932,,Grêmio,2,0,Internacional,,Citadino,Baixada,Porto Alegre,,,,,,,,,,,,,,,
39,30/10/1932,,Internacional,0,1,Grêmio,,Citadino,Eucaliptos,Porto Alegre,,,,,,,,,,,,,,,
40,09/04/1933,,Grêmio,5,3,Internacional,,Citadino,Baixada,Porto Alegre,,,,,,,,,,,,,,,
41,13/08/1933,,Grêmio,3,2,Internacional,,Citadino,Baixada,Porto Alegre,,,,,,,,,,,,,,,
42,24/06/1934,,Internacional,4,3,Grêmio,,Citadino,Eucaliptos,Porto Alegre,,,,,,,,,,,,,,,
43,21/10/1934,,Grêmio,1,2,Internacional,,Citadino,Baixada,Porto Alegre,,,,,,,,,,,,,,,
44,28/07/1935,,Internacional,1,1,Grêmio,,Citadino,Eucaliptos,Porto Alegre,,,,,,,,,,,,,,,
45,22/09/1935,,Grêmio,2,0,Internacional,,Citadino,Baixada,Porto Alegre,,,,,,,,,,,,,,,
46,15/03/1936,,Grêmio,1,1,Internacional,,Amistoso,Timbaúva,Porto Alegre,,,,,,,,,,,,,,,
47,30/08/1936,,Internacional,3,2,Grêmio,,Citadino,Eucaliptos,Porto Alegre,,,,,,,,,,,,,,,
48,01/11/1936,,Grêmio,0,2,Internacional,,Citadino,Baixada,Porto Alegre,,,,,,,,,,,,,,,
49,31/10/1937,,Grêmio,2,1,Internacional,,Citadino,Baixada,Porto Alegre,,,,,,,,,,,,,,,
50,21/11/1937,,Grêmio,2,0,Internacional,,Amistoso,Timbaúva,Porto Alegre,,,,,,,,,,,,,,,
51,12/12/1937,,Internacional,3,4,Grêmio,,Citadino,Eucaliptos,Porto Alegre,,,,,,,,,,,,,,,
52,08/05/1938,,Internacional,1,3,Grêmio,,Citadino,Eucaliptos,Porto Alegre,,,,,,,,,,,,,,,
53,06/06/1938,,Grêmio,4,4,Internacional,,Amistoso,Timbaúva,Porto Alegre,,,,,,,,,,,,,,,
54,02/10/1938,,Internacional,3,4,Grêmio,,Amistoso,Eucaliptos,Porto Alegre,,,,,,,,,,,,,,,
55,01/11/1938,,Grêmio,0,6,Internacional,,Amistoso,Timbaúva,Porto Alegre,,,,,,,,,,,,,,,
56,02/04/1939,,Grêmio,1,1,Internacional,,Amistoso,Baixada,Porto Alegre,,,,,,,,,,,,,,,
57,28/05/1939,,Grêmio,2,3,Internacional,,Amistoso,Timbaúva,Porto Alegre,,,,,,,,,,,,,,,
58,20/07/1939,,Grêmio,3,3,Internacional,,Amistoso,Baixada,Porto Alegre,,,,,,,,,,,,,,,
59,13/08/1939,,Internacional,5,2,Grêmio,,Amistoso,Eucaliptos,Porto Alegre,,,,,,,,,,,,,,,
60,08/10/1939,,Internacional,2,3,Grêmio,,Citadino,Eucaliptos,Porto Alegre,,,,,,,,,,,,,,,
61,17/10/1939,,Grêmio,1,2,Internacional,,Citadino,Timbaúva,Porto Alegre,,,,,,,,,,,,,,,
62,04/01/1940,,Grêmio,1,6,Internacional,,Amistoso,Baixada,Porto Alegre,,,,,,,,,,,,,,,
63,13/02/1940,,Internacional,2,4,Grêmio,,Citadino,Eucaliptos,Porto Alegre,,,,,,,,,,,,,,,
64,28/04/1940,,Grêmio,2,3,Internacional,,Citadino,Baixada,Porto Alegre,,,,,,,,,,,,,,,
65,07/07/1940,,Internacional,2,5,Grêmio,,Citadino,Eucaliptos,Porto Alegre,,,,,,,,,,,,,,,
66,29/10/1940,,Grêmio,3,4,Internacional,,Citadino,Timbaúva,Porto Alegre,,,,,,,,,,,,,,,
67,18/05/1941,,Grêmio,2,2,Internacional,,Amistoso,Timbaúva,Porto Alegre,,,,,,,,,,,,,,,
68,25/05/1941,,Grêmio,2,3,Internacional,,Amistoso,Timbaúva,Porto Alegre,,,,,,,,,,,,,,,
69,17/08/1941,,Internacional,3,0,Grêmio,,Citadino,Eucaliptos,Porto Alegre,,,,,,,,,,,,,,,
70,19/10/1941,,Grêmio,2,1,Internacional,,Citadino,Baixada,Porto Alegre,,,,,,,,,,,,,,,
71,11/01/1942,,Grêmio,1,1,Internacional,,Citadino,Timbaúva,Porto Alegre,,,,,,,,,,,,,,,
72,19/04/1942,,Grêmio,1,1,Internacional,,Citadino,Timbaúva,Porto Alegre,,,,,,,,,,,,,,,
73,12/07/1942,,Grêmio,2,4,Internacional,,Citadino,Baixada,Porto Alegre,,,,,,,,,,,,,,,
74,30/08/1942,,Internacional,4,2,Grêmio,,Citadino,Eucaliptos,Porto Alegre,,,,,,,,,,,,,,,
75,28/02/1943,,Grêmio,1,5,Internacional,,Amistoso,Baixada,Porto Alegre,,,,,,,,,,,,,,,
76,11/03/1943,,Internacional,5,1,Grêmio,,Amistoso,Eucaliptos,Porto Alegre,,,,,,,,,,,,,,,
77,06/06/1943,,Grêmio,3,3,Internacional,,Citadino,Passo D’Areia,D’Areia,,,,,,,,,,,,,,,
78,11/07/1943,,Internacional,3,0,Grêmio,,Citadino,Eucaliptos,Porto Alegre,,,,,,,,,,,,,,,
79,19/09/1943,,Grêmio,0,1,Internacional,,Citadino,Baixada,Porto Alegre,,,,,,,,,,,,,,,
80,13/02/1944,,Internacional,3,2,Grêmio,,Amistoso,Eucaliptos,Porto Alegre,,,,,,,,,,,,,,,
81,30/04/1944,,Internacional,4,2,Grêmio,,Citadino,Eucaliptos,Porto Alegre,,,,,,,,,,,,,,,
82,28/05/1944,,Grêmio,3,7,Internacional,,Amistoso,Baixada,Porto Alegre,,,,,,,,,,,,,,,
83,13/08/1944,,Grêmio,4,3,Internacional,,Citadino,Baixada,Porto Alegre,,,,,,,,,,,,,,,
84,08/10/1944,,Grêmio,1,2,Internacional,,Citadino,Timbaúva,Porto Alegre,,,,,,,,,,,,,,,
85,09/02/1945,,Grêmio,0,2,Internacional,,Amistoso,Montanha,Porto Alegre,,,,,,,,,,,,,,,
86,23/02/1945,,Grêmio,1,1,Internacional,,Amistoso,Montanha,Porto Alegre,,,,,,,,,,,,,,,
87,08/04/1945,,Internacional,3,2,Grêmio,,Citadino,Eucaliptos,Porto Alegre,,,,,,,,,,,,,,,
88,24/06/1945,,Grêmio,1,4,Internacional,,Citadino,Baixada,Porto Alegre,,,,,,,,,,,,,,,
89,30/09/1945,,Internacional,4,2,Grêmio,,Citadino,Passo D’Areia,D’Areia,,,,,,,,,,,,,,,
90,05/05/1946,,Grêmio,0,1,Internacional,,Amistoso,Timbaúva,Porto Alegre,,,,,,,,,,,,,,,
91,23/06/1946,,Grêmio,4,3,Internacional,,Amistoso,Timbaúva,Porto Alegre,,,,,,,,,,,,,,,
92,14/07/1946,,Grêmio,0,1,Internacional,,Citadino,Baixada,Porto Alegre,,,,,,,,,,,,,,,
93,15/09/1946,,Internacional,1,2,Grêmio,,Citadino,Eucaliptos,Porto Alegre,,,,,,,,,,,,,,,
94,03/05/1947,,Grêmio,0,4,Internacional,,Amistoso,Timbaúva,Porto Alegre,,,,,,,,,,,,,,,
95,20/07/1947,,Internacional,3,0,Grêmio,,Citadino,Eucaliptos,Porto Alegre,,,,,,,,,,,,,,,
96,10/08/1947,,Grêmio,1,2,Internacional,,Amistoso,Timbaúva,Porto Alegre,,,,,,,,,,,,,,,
97,05/10/1947,,Grêmio,1,2,Internacional,,Citadino,Baixada,Porto Alegre,,,,,,,,,,,,,,,
98,26/10/1947,,Grêmio,0,3,Internacional,,Amistoso,Timbaúva,Porto Alegre,,,,,,,,,,,,,,,
99,23/11/1947,,Grêmio,2,2,Internacional,,Citadino,Timbaúva,Porto Alegre,,,,,,,,,,,,,,,
100,30/05/1948,,Internacional,0,0,Grêmio,,Amistoso,Timbaúva,Porto Alegre,,,,,,,,,,,,,,,
101,20/06/1948,,Grêmio,1,1,Internacional,,Amistoso,Montanha,Porto Alegre,,,,,,,,,,,,,,,
102,18/07/1948,,Grêmio,2,6,Internacional,,Amistoso,Montanha,Porto Alegre,,,,,,,,,,,,,,,
103,22/08/1948,,Internacional,3,2,Grêmio,,Citadino,Eucaliptos,Porto Alegre,,,,,,,,,,,,,,,
104,17/09/1948,,Grêmio,0,7,Internacional,,Citadino,Baixada,Porto Alegre,,,,,,,,,,,,,,,
105,14/12/1948,,Internacional,2,0,Grêmio,,Amistoso,Eucaliptos,Porto Alegre,,,,,,,,,,,,,,,
106,01/05/1949,,Grêmio,2,2,Internacional,,Amistoso,Montanha,Porto Alegre,,,,,,,,,,,,,,,
107,29/05/1949,,Grêmio,2,4,Internacional,,Amistoso,Timbaúva,Porto Alegre,,,,,,,,,,,,,,,
108,28/08/1949,,Grêmio,1,1,Internacional,,Citadino,Baixada,Porto Alegre,,,,,,,,,,,,,,,
109,07/09/1949,,Grêmio,0,2,Internacional,,Amistoso,Montanha,Porto Alegre,,,,,,,,,,,,,,,
110,30/10/1949,,Internacional,0,1,Grêmio,,Citadino,Eucaliptos,Porto Alegre,,,,,,,,,,,,,,,
111,14/03/1950,,Grêmio,0,2,Internacional,,Amistoso,Tiradentes,Porto Alegre,,,,,,,,,,,,,,,
112,23/03/1950,,Grêmio,3,0,Internacional,,Amistoso,Tiradentes,Porto Alegre,,,,,,,,,,,,,,,
113,01/04/1950,,Grêmio,1,1,Internacional,,Amistoso,Timbaúva,Porto Alegre,,,,,,,,,,,,,,,
114,25/06/1950,,Internacional,0,1,Grêmio,,Amistoso,Eucaliptos,Porto Alegre,,,,,,,,,,,,,,,
115,27/08/1950,,Grêmio,0,1,Internacional,,Amistoso,Montanha,Porto Alegre,,,,,,,,,,,,,,,
116,28/10/1950,,Internacional,0,0,Grêmio,,Citadino,Eucaliptos,Porto Alegre,,,,,,,,,,,,,,,
117,24/12/1950,,Grêmio,0,0,Internacional,,Citadino,Baixada,Porto Alegre,,,,,,,,,,,,,,,
118,27/12/1950,,Grêmio,3,4,Internacional,,Citadino,Montanha,Porto Alegre,,,,,,,,,,,,,,,
119,30/12/1950,,Grêmio,0,1,Internacional,,Citadino,Montanha,Porto Alegre,,,,,,,,,,,,,,,
120,03/01/1951,,Grêmio,0,3,Internacional,,Amistoso,Montanha,Porto Alegre,,,,,,,,,,,,,,,
121,27/05/1951,,Grêmio,0,0,Internacional,,Amistoso,Baixada,Porto Alegre,,,,,,,,,,,,,,,
122,20/06/1951,,Internacional,1,2,Grêmio,,Amistoso,Eucaliptos,Porto Alegre,,,,,,,,,,,,,,,
123,26/08/1951,,Grêmio,1,1,Internacional,,Citadino,Baixada,Porto Alegre,,,,,,,,,,,,,,,
124,02/12/1951,,Internacional,2,2,Grêmio,,Citadino,Eucaliptos,Porto Alegre,,,,,,,,,,,,,,,
125,08/12/1951,,Internacional,1,1,Grêmio,,Amistoso,Eucaliptos,Porto Alegre,,,,,,,,,,,,,,,
126,13/07/1952,,Grêmio,2,1,Internacional,,Amistoso,Montanha,Porto Alegre,,,,,,,,,,,,,,,
127,17/08/1952,,Grêmio,1,1,Internacional,,Amistoso,Tiradentes,Porto Alegre,,,,,,,,,,,,,,,
128,12/10/1952,,Grêmio,0,0,Internacional,,Citadino,Baixada,Porto Alegre,,,,,,,,,,,,,,,
129,07/12/1952,,Internacional,5,1,Grêmio,,Citadino,Eucaliptos,Porto Alegre,,,,,,,,,,,,,,,
130,05/07/1953,,Internacional,1,1,Grêmio,,Citadino,Eucaliptos,Porto Alegre,,,,,,,,,,,,,,,
131,01/11/1953,,Grêmio,0,2,Internacional,,Citadino,Baixada,Porto Alegre,,,,,,,,,,,,,,,
132,11/02/1954,,Grêmio,2,3,Internacional,,Amistoso,Montanha,Porto Alegre,,,,,,,,,,,,,,,
133,18/07/1954,,Internacional,3,1,Grêmio,,Amistoso,Eucaliptos,Porto Alegre,,,,,,,,,,,,,,,
134,25/07/1954,,Grêmio,0,4,Internacional,,Citadino,Montanha,Porto Alegre,,,,,,,,,,,,,,,
135,26/09/1954,,Grêmio,2,6,Internacional,,Amistoso,Olímpico,Porto Alegre,,,,,,,,,,,,,,,
136,31/10/1954,,Grêmio,1,1,Internacional,,Citadino,Olímpico,Porto Alegre,,,,,,,,,,,,,,,
137,09/01/1955,,Internacional,2,1,Grêmio,,Amistoso,Eucaliptos,Porto Alegre,,,,,,,,,,,,,,,
138,24/07/1955,,Grêmio,2,1,Internacional,,Citadino,Olímpico,Porto Alegre,,,,,,,,,,,,,,,
139,06/11/1955,,Internacional,3,1,Grêmio,,Citadino,Eucaliptos,Porto Alegre,,,,,,,,,,,,,,,
140,02/09/1956,,Grêmio,2,1,Internacional,,Citadino,Olímpico,Porto Alegre,,,,,,,,,,,,,,,
141,12/12/1956,,Internacional,1,0,Grêmio,,Citadino,Eucaliptos,Porto Alegre,,,,,,,,,,,,,,,
142,28/07/1957,,Internacional,1,1,Grêmio,,Citadino,Eucaliptos,Porto Alegre,,,,,,,,,,,,,,,
143,01/12/1957,,Grêmio,5,3,Internacional,,Citadino,Olímpico,Porto Alegre,,,,,,,,,,,,,,,
144,22/12/1957,,Grêmio,1,2,Internacional,,Citadino,Olímpico,Porto Alegre,,,,,,,,,,,,,,,
145,17/08/1958,,Internacional,1,2,Grêmio,,Citadino,Eucaliptos,Porto Alegre,,,,,,,,,,,,,,,
146,21/12/1958,,Grêmio,0,1,Internacional,,Citadino,Olímpico,Porto Alegre,,,,,,,,,,,,,,,
147,05/02/1959,,Grêmio,2,2,Internacional,,Citadino,Olímpico,Porto Alegre,,,,,,,,,,,,,,,
148,26/04/1959,,Internacional,1,2,Grêmio,,Amistoso,Eucaliptos,Porto Alegre,,,,,,,,,,,,,,,
149,17/08/1959,,Internacional,1,2,Grêmio,,Citadino,Eucaliptos,Porto Alegre,,,,,,,,,,,,,,,
150,29/11/1959,,Grêmio,4,1,Internacional,,Citadino,Olímpico,Porto Alegre,,,,,,,,,,,,,,,
151,05/01/1960,,Grêmio,2,3,Internacional,,Citadino,Olímpico,Porto Alegre,,,,,,,,,,,,,,,
152,21/04/1960,,Internacional,0,3,Grêmio,,Amistoso,Eucaliptos,Porto Alegre,,,,,,,,,,,,,,,
153,21/08/1960,,Internacional,1,5,Grêmio,,Citadino,Eucaliptos,Porto Alegre,,,,,,,,,,,,,,,
154,20/11/1960,,Grêmio,1,1,Internacional,,Citadino,Olímpico,Porto Alegre,,,,,,,,,,,,,,,
155,23/12/1960,,Grêmio,1,2,Internacional,,Citadino,Olímpico,Porto Alegre,,,,,,,,,,,,,,,
156,10/09/1961,,Grêmio,1,2,Internacional,,Campeonato Gaúcho,Olímpico,Porto Alegre,,,,,,,,,,,,,,,
157,10/12/1961,,Internacional,2,3,Grêmio,,Gauchão,Eucaliptos,Porto Alegre,,,,,,,,,,,,,,,
158,13/02/1962,,Grêmio,1,1,Internacional,,Torneio da Legalidade,Olímpico,Porto Alegre,,,,,,,,,,,,,,,
159,11/03/1962,,Internacional,1,2,Grêmio,,Torneio da Legalidade,Eucaliptos,Porto Alegre,,,,,,,,,,,,,,,
160,12/08/1962,,Grêmio,0,0,Internacional,,Gauchão,Olímpico,Porto Alegre,,,,,,,,,,,,,,,
161,07/09/1962,,Grêmio,2,1,Internacional,,Amistoso,Waldemar Fetter,Rio Grande,,,,,,,,,,,,,,,
162,09/09/1962,,Grêmio,1,1,Internacional,,Amistoso,Olímpico,Porto Alegre,,,,,,,,,,,,,,,
163,16/12/1962,,Internacional,0,2,Grêmio,,Gauchão,Eucaliptos,Porto Alegre,,,,,,,,,,,,,,,
164,07/02/1963,,Grêmio,4,2,Internacional,,Gauchão,Olímpico,Porto Alegre,,,,,,,,,,,,,,,
165,14/04/1963,,Internacional,2,1,Grêmio,,Amistoso,Eucaliptos,Porto Alegre,,,,,,,,,,,,,,,
166,01/05/1963,,Grêmio,4,1,Internacional,,Amistoso,Olímpico,Porto Alegre,,,,,,,,,,,,,,,
167,29/09/1963,,Internacional,0,1,Grêmio,,Gauchão,Eucaliptos,Porto Alegre,,,,,,,,,,,,,,,
168,14/12/1963,,Grêmio,1,0,Internacional,,Gauchão,Olímpico,Porto Alegre,,,,,,,,,,,,,,,
169,19/04/1964,,Internacional,1,0,Grêmio,,Amistoso,Eucaliptos,Santa Cruz do Sul,,,,,,,,,,,,,,,
170,23/04/1964,,Grêmio,3,0,Internacional,,Amistoso,Olímpico,Porto Alegre,,,,,,,,,,,,,,,
171,26/07/1964,,Internacional,0,0,Grêmio,,Gauchão,Eucaliptos,Porto Alegre,,,,,,,,,,,,,,,
172,20/08/1964,,Grêmio,0,2,Internacional,,Amistoso,Olímpico,Porto Alegre,,,,,,,,,,,,,,,
173,01/11/1964,,Grêmio,3,0,Internacional,,Gauchão,Olímpico,Porto Alegre,,,,,,,,,,,,,,,
174,21/11/1964,,Internacional,1,0,Grêmio,,Amistoso,Eucaliptos,Porto Alegre,,,,,,,,,,,,,,,
175,10/12/1964,,Grêmio,1,2,Internacional,,Amistoso,Olímpico,Porto Alegre,,,,,,,,,,,,,,,
176,21/03/1965,,Internacional,0,0,Grêmio,,Amistoso,Baixada Rubra,Caxias do Sul,,,,,,,,,,,,,,,
177,29/08/1965,,Grêmio,2,1,Internacional,,Gauchão,Olímpico,Porto Alegre,,,,,,,,,,,,,,,
178,12/12/1965,,Internacional,0,1,Grêmio,,Gauchão,Eucaliptos,Porto Alegre,,,,,,,,,,,,,,,
179,02/10/1966,,Internacional,0,1,Grêmio,,Gauchão,Eucaliptos,Porto Alegre,,,,,,,,,,,,,,,
180,17/02/1966,,Grêmio,0,1,Internacional,,Gauchão,Olímpico,Porto Alegre,,,,,,,,,,,,,,,
181,05/03/1967,,Grêmio,0,2,Internacional,,Campeonato Brasileiro,Olímpico,Porto Alegre,,,,,,,,,,,,,,,
182,24/05/1967,,Grêmio,1,1,Internacional,,Campeonato Brasileiro,Olímpico,Porto Alegre,,,,,,,,,,,,,,,
183,04/06/1967,,Grêmio,0,0,Internacional,,Campeonato Brasileiro,Olímpico,Porto Alegre,,,,,,,,,,,,,,,
184,17/09/1967,,Grêmio,0,1,Internacional,,Gauchão,Olímpico,Porto Alegre,,,,,,,,,,,,,,,
185,17/12/1967,,Internacional,1,0,Grêmio,,Gauchão,Eucaliptos,Porto Alegre,,,,,,,,,,,,,,,
186,12/05/1968,,Internacional,1,1,Grêmio,,Gauchão,Eucaliptos,Porto Alegre,,,,,,,,,,,,,,,
187,02/06/1968,,Grêmio,4,0,Internacional,,Gauchão,Olímpico,Porto Alegre,,,,,,,,,,,,,,,
188,24/11/1968,,Grêmio,0,0,Internacional,,Campeonato Brasileiro,Olímpico,Porto Alegre,,,,,,,,,,,,,,,
189,20/04/1969,,Internacional,0,0,Grêmio,,Amistoso,Beira-Rio,Porto Alegre,,,,,,,,,,,,,,,
190,22/06/1969,,Grêmio,0,0,Internacional,,Gauchão,Olímpico,Porto Alegre,,,,,,,,,,,,,,,
191,21/09/1969,,Internacional,1,0,Grêmio,,Campeonato Brasileiro,Beira-Rio,Porto Alegre,,,,,,,,,,,,,,,
192,17/12/1969,,Internacional,0,0,Grêmio,,Gauchão,Beira-Rio,Porto Alegre,,,,,,,,,,,,,,,
193,09/05/1970,,Grêmio,0,0,Internacional,,Amistoso,Olímpico,Porto Alegre,,,,,,,,,,,,,,,
194,09/08/1970,,Internacional,0,0,Grêmio,,Gauchão,Beira-Rio,Porto Alegre,,,,,,,,,,,,,,,
195,20/09/1970,,Grêmio,1,2,Internacional,,Gauchão,Olímpico,Porto Alegre,,,,,,,,,,,,,,,
196,28/10/1970,,Grêmio,0,0,Internacional,,Campeonato Brasileiro,Olímpico,Porto Alegre,,,,,,,,,,,,,,,
197,24/03/1971,,Internacional,0,2,Grêmio,,Amistoso,Beira-Rio,Porto Alegre,,,,,,,,,,,,,,,
198,30/05/1971,,Internacional,1,1,Grêmio,,Gauchão,Beira-Rio,Porto Alegre,,,,,,,,,,,,,,,
199,27/06/1971,,Grêmio,0,0,Internacional,,Gauchão,Olímpico,Porto Alegre,,,,,,,,,,,,,,,
200,04/08/1971,,Internacional,1,3,Grêmio,,Gauchão,Beira-Rio,Porto Alegre,,,,,,,,,,,,,,,
201,17/10/1971,,Internacional,1,0,Grêmio,,Campeonato Brasileiro,Beira-Rio,Porto Alegre,,,,,,,,,,,,,,,
202,02/03/1972,,Internacional,1,1,Grêmio,,Amistoso,Beira-Rio,Porto Alegre,,,,,,,,,,,,,,,
203,05/03/1972,,Grêmio,1,1,Internacional,,Amistoso,Olímpico,Porto Alegre,,,,,,,,,,,,,,,
204,26/03/1972,,Internacional,0,0,Grêmio,,Amistoso,Beira-Rio,Porto Alegre,,,,,,,,,,,,,,,
205,21/05/1972,,Internacional,2,2,Grêmio,,Gauchão,Beira-Rio,Porto Alegre,,,,,,,,,,,,,,,
206,06/08/1972,,Grêmio,0,1,Internacional,,Gauchão,Olímpico,Porto Alegre,,,,,,,,,,,,,,,
207,20/08/1972,,Grêmio,0,1,Internacional,,Citadino,Olímpico,Porto Alegre,,,,,,,,,,,,,,,
208,30/08/1972,,Internacional,2,0,Grêmio,,Citadino,Beira-Rio,Porto Alegre,,,,,,,,,,,,,,,
209,20/09/1972,,Internacional,1,0,Grêmio,,Campeonato Brasileiro,Beira-Rio,Porto Alegre,,,,,,,,,,,,,,,
210,20/05/1973,,Internacional,1,1,Grêmio,,Gauchão,Beira-Rio,Porto Alegre,,,,,,,,,,,,,,,
211,05/08/1973,,Grêmio,0,0,Internacional,,Gauchão,Olímpico,Porto Alegre,,,,,,,,,,,,,,,
212,11/11/1973,,Internacional,1,1,Grêmio,,Campeonato Brasileiro,Beira-Rio,Porto Alegre,,,,,,,,,,,,,,,
213,24/03/1974,,Internacional,2,1,Grêmio,,Campeonato Brasileiro,Beira-Rio,Porto Alegre,,,,,,,,,,,,,,,
214,29/09/1974,,Grêmio,0,1,Internacional,,Gauchão,Olímpico,Porto Alegre,,,,,,,,,,,,,,,
215,01/12/1974,,Internacional,1,0,Grêmio,,Gauchão,Beira-Rio,Porto Alegre,,,,,,,,,,,,,,,
216,01/05/1975,,Internacional,2,0,Grêmio,,Amistoso,Beira-Rio,Porto Alegre,,,,,,,,,,,,,,,
217,13/07/1975,,Grêmio,1,2,Internacional,,Gauchão,Olímpico,Porto Alegre,,,,,,,,,,,,,,,
218,23/07/1975,,Internacional,1,3,Grêmio,,Gauchão,Beira-Rio,Porto Alegre,,,,,,,,,,,,,,,
219,06/08/1975,,Grêmio,1,1,Internacional,,Gauchão,Olímpico,Porto Alegre,,,,,,,,,,,,,,,
220,10/08/1975,,Internacional,1,0,Grêmio,,Gauchão,Beira-Rio,Porto Alegre,,,,,,,,,,,,,,,
221,07/09/1975,,Internacional,1,1,Grêmio,,Campeonato Brasileiro,Beira-Rio,Porto Alegre,,,,,,,,,,,,,,,
222,23/11/1975,,Internacional,1,0,Grêmio,,Campeonato Brasileiro,Beira-Rio,Porto Alegre,,,,,,,,,,,,,,,
223,25/07/1976,,Internacional,2,0,Grêmio,,Gauchão,Beira-Rio,Porto Alegre,,,,,,,,,,,,,,,
224,28/07/1976,,Grêmio,2,0,Internacional,,Gauchão,Olímpico,Porto Alegre,,,,,,,,,,,,,,,
225,09/08/1976,,Internacional,1,0,Grêmio,,Gauchão,Beira-Rio,Porto Alegre,,,,,,,,,,,,,,,
226,18/08/1976,,Grêmio,1,1,Internacional,,Gauchão,Olímpico,Porto Alegre,,,,,,,,,,,,,,,
227,22/08/1976,,Internacional,2,0,Grêmio,,Gauchão,Beira-Rio,Porto Alegre,,,,,,,,,,,,,,,
228,07/09/1976,,Internacional,3,1,Grêmio,,Campeonato Brasileiro,Beira-Rio,Porto Alegre,,,,,,,,,,,,,,,
229,17/04/1977,,Grêmio,3,0,Internacional,,Gauchão,Olímpico,Porto Alegre,,,,,,,,,,,,,,,
230,08/05/1977,,Internacional,1,0,Grêmio,,Gauchão,Beira-Rio,Porto Alegre,,,,,,,,,,,,,,,
231,29/05/1977,,Grêmio,0,1,Internacional,,Gauchão,Olímpico,Porto Alegre,,,,,,,,,,,,,,,
232,01/06/1977,,Internacional,0,0,Grêmio,,Gauchão,Beira-Rio,Porto Alegre,,,,,,,,,,,,,,,
233,14/08/1977,,Grêmio,2,1,Internacional,,Gauchão,Olímpico,Porto Alegre,,,,,,,,,,,,,,,
234,18/09/1977,,Internacional,0,2,Grêmio,,Gauchão,Beira-Rio,Porto Alegre,,,,,,,,,,,,,,,
235,25/09/1977,,Grêmio,1,0,Internacional,,Gauchão,Olímpico,Porto Alegre,,,,,,,,,,,,,,,
236,06/11/1977,,Internacional,0,4,Grêmio,,Campeonato Brasileiro,Beira-Rio,Porto Alegre,,,,,,,,,,,,,,,
237,23/04/1978,,Internacional,2,3,Grêmio,,Campeonato Brasileiro,Beira-Rio,Porto Alegre,,,,,,,,,,,,,,,
238,20/08/1978,,Grêmio,2,1,Internacional,,Gauchão,Olímpico,Porto Alegre,,,,,,,,,,,,,,,
239,07/09/1978,,Internacional,1,0,Grêmio,,Gauchão,Beira-Rio,Porto Alegre,,,,,,,,,,,,,,,
240,10/09/1978,,Grêmio,2,2,Internacional,,Gauchão,Olímpico,Porto Alegre,,,,,,,,,,,,,,,
241,13/09/1978,,Internacional,1,0,Grêmio,,Gauchão,Beira-Rio,Porto Alegre,,,,,,,,,,,,,,,
242,05/11/1978,,Grêmio,1,1,Internacional,,Gauchão,Olímpico,Porto Alegre,,,,,,,,,,,,,,,
243,08/11/1978,,Internacional,2,1,Grêmio,,Gauchão,Beira-Rio,Porto Alegre,,,,,,,,,,,,,,,
244,26/11/1978,,Grêmio,0,0,Internacional,,Gauchão,Olímpico,Porto Alegre,,,,,,,,,,,,,,,
245,13/12/1978,,Internacional,2,2,Grêmio,,Gauchão,Beira-Rio,Porto Alegre,,,,,,,,,,,,,,,
246,17/12/1978,,Grêmio,1,2,Internacional,,Gauchão,Olímpico,Porto Alegre,,,,,,,,,,,,,,,
247,13/05/1979,,Internacional,0,0,Grêmio,,Gauchão,Beira-Rio,Porto Alegre,,,,,,,,,,,,,,,
248,22/07/1979,,Grêmio,1,1,Internacional,,Gauchão,Olímpico,Porto Alegre,,,,,,,,,,,,,,,
249,26/08/1979,,Internacional,1,2,Grêmio,,Gauchão,Beira-Rio,Porto Alegre,,,,,,,,,,,,,,,
250,20/09/1979,,Grêmio,1,1,Internacional,,Gauchão,Olímpico,Porto Alegre,,,,,,,,,,,,,,,
251,07/10/1979,,Internacional,1,0,Grêmio,,Campeonato Brasileiro,Beira-Rio,Porto Alegre,,,,,,,,,,,,,,,
252,24/08/1980,,Grêmio,2,2,Internacional,,Gauchão,Olímpico,Porto Alegre,,,,,,,,,,,,,,,
253,19/10/1980,,Internacional,1,0,Grêmio,,Gauchão,Beira-Rio,Porto Alegre,,,,,,,,,,,,,,,
254,05/11/1980,,Grêmio,0,0,Internacional,,Gauchão,Olímpico,Porto Alegre,,,,,,,,,,,,,,,
255,23/11/1980,,Internacional,0,0,Grêmio,,Gauchão,Beira-Rio,Porto Alegre,,,,,,,,,,,,,,,
256,26/07/1981,,Grêmio,0,0,Internacional,,Gauchão,Olímpico,Porto Alegre,,,,,,,,,,,,,,,
257,07/10/1981,,Internacional,0,0,Grêmio,,Gauchão,Beira-Rio,Porto Alegre,,,,,,,,,,,,,,,
258,04/11/1981,,Internacional,2,1,Grêmio,,Gauchão,Beira-Rio,Porto Alegre,,,,,,,,,,,,,,,
259,29/11/1981,,Grêmio,1,1,Internacional,,Gauchão,Olímpico,Porto Alegre,,,,,,,,,,,,,,,
260,03/08/1982,,Internacional,0,2,Grêmio,,Gauchão,Beira-Rio,Porto Alegre,,,,,,,,,,,,,,,
261,10/10/1982,,Grêmio,2,2,Internacional,,Gauchão,Olímpico,Porto Alegre,,,,,,,,,,,,,,,
262,07/11/1982,,Internacional,3,1,Grêmio,,Gauchão,Beira-Rio,Porto Alegre,,,,,,,,,,,,,,,
263,28/11/1982,,Grêmio,0,2,Internacional,,Gauchão,Olímpico,Porto Alegre,,,,,,,,,,,,,,,
264,30/07/1983,,Grêmio,0,1,Internacional,,Gauchão,Olímpico,Porto Alegre,,,,,,,,,,,,,,,
265,02/10/1983,,Internacional,1,1,Grêmio,,Gauchão,Beira-Rio,Porto Alegre,,,,,,,,,,,,,,,
266,02/11/1983,,Grêmio,0,0,Internacional,,Gauchão,Olímpico,Porto Alegre,,,,,,,,,,,,,,,
267,27/11/1983,,Internacional,2,2,Grêmio,,Gauchão,Beira-Rio,Porto Alegre,,,,,,,,,,,,,,,
268,26/01/1984,,Grêmio,4,2,Internacional,,Amistoso,Olímpico,Porto Alegre,,,,,,,,,,,,,,,
269,23/09/1984,,Grêmio,0,2,Internacional,,Gauchão,Olímpico,Porto Alegre,,,,,,,,,,,,,,,
270,08/11/1984,,Internacional,2,1,Grêmio,,Gauchão,Beira-Rio,Porto Alegre,,,,,,,,,,,,,,,
271,25/11/1984,,Internacional,2,0,Grêmio,,Gauchão,Beira-Rio,Porto Alegre,,,,,,,,,,,,,,,
272,13/12/1984,,Grêmio,1,1,Internacional,,Gauchão,Olímpico,Porto Alegre,,,,,,,,,,,,,,,
273,10/02/1985,,Grêmio,2,0,Internacional,,Campeonato Brasileiro,Olímpico,Porto Alegre,,,,,,,,,,,,,,,
274,24/03/1985,,Internacional,0,1,Grêmio,,Campeonato Brasileiro,Beira-Rio,Porto Alegre,,,,,,,,,,,,,,,
275,20/10/1985,,Internacional,2,0,Grêmio,,Gauchão,Beira-Rio,Porto Alegre,,,,,,,,,,,,,,,
276,08/12/1985,,Grêmio,2,1,Internacional,,Gauchão,Olímpico,Porto Alegre,,,,,,,,,,,,,,,
277,23/03/1986,,Internacional,0,1,Grêmio,,Gauchão,Beira-Rio,Porto Alegre,,,,,,,,,,,,,,,
278,11/05/1986,,Grêmio,1,3,Internacional,,Gauchão,Olímpico,Porto Alegre,,,,,,,,,,,,,,,
279,09/07/1986,,Internacional,2,2,Grêmio,,Gauchão,Beira-Rio,Porto Alegre,,,,,,,,,,,,,,,
280,20/07/1986,,Grêmio,1,0,Internacional,,Gauchão,Olímpico,Porto Alegre,,,,,,,,,,,,,,,
281,18/03/1987,,Internacional,2,2,Grêmio,,Gauchão,Beira-Rio,Porto Alegre,,,,,,,,,,,,,,,
282,29/03/1987,,Grêmio,2,1,Internacional,,Gauchão,Olímpico,Porto Alegre,,,,,,,,,,,,,,,
283,05/04/1987,,Internacional,0,1,Grêmio,,Gauchão,Beira-Rio,Porto Alegre,,,,,,,,,,,,,,,
284,10/05/1987,,Grêmio,0,1,Internacional,,Gauchão,Olímpico,Porto Alegre,,,,,,,,,,,,,,,
285,31/05/1987,,Internacional,1,1,Grêmio,,Gauchão,Beira-Rio,Porto Alegre,,,,,,,,,,,,,,,
286,14/06/1987,,Grêmio,3,0,Internacional,,Gauchão,Olímpico,Porto Alegre,,,,,,,,,,,,,,,
287,16/06/1987,,Grêmio,0,0,Internacional,,Gauchão,Olímpico,Porto Alegre,,,,,,,,,,,,,,,
288,28/06/1987,,Internacional,0,0,Grêmio,,Gauchão,Beira-Rio,Porto Alegre,,,,,,,,,,,,,,,
289,19/07/1987,,Grêmio,3,2,Internacional,,Gauchão,Olímpico,Porto Alegre,,,,,,,,,,,,,,,
290,12/10/1987,,Internacional,0,1,Grêmio,,Campeonato Brasileiro,Beira-Rio,Porto Alegre,,,,,,,,,,,,,,,
291,12/03/1988,,Grêmio,1,0,Internacional,,Gauchão,Olímpico,Porto Alegre,,,,,,,,,,,,,,,
292,26/04/1988,,Grêmio,3,1,Internacional,,Gauchão,Olímpico,Porto Alegre,,,,,,,,,,,,,,,
293,22/05/1988,,Internacional,0,0,Grêmio,,Gauchão,Beira-Rio,Porto Alegre,,,,,,,,,,,,,,,
294,19/06/1988,,Grêmio,3,3,Internacional,,Gauchão,Olímpico,Porto Alegre,,,,,,,,,,,,,,,
295,04/09/1988,,Grêmio,1,0,Internacional,,Campeonato Brasileiro,Olímpico,Porto Alegre,,,,,,,,,,,,,,,
296,09/02/1989,,Grêmio,0,0,Internacional,,Campeonato Brasileiro,Olímpico,Porto Alegre,,,,,,,,,,,,,,,
297,12/02/1989,,Internacional,2,1,Grêmio,,Campeonato Brasileiro,Beira-Rio,Porto Alegre,,,,,,,,,,,,,,,
298,19/03/1989,4,Internacional,1,1,Grêmio,3,Gauchão,Beira-Rio,Porto Alegre,,,,,,,,,,,,,,,
299,28/05/1989,,Internacional,1,3,Grêmio,,Gauchão,Beira-Rio,Porto Alegre,,,,,,,,,,,,,,,
300,18/06/1989,4,Grêmio,0,0,Internacional,3,Gauchão,Olímpico,Porto Alegre,,,,,,,,,,,,,,,
301,29/11/1989,,Internacional,2,0,Grêmio,,Campeonato Brasileiro,Beira-Rio,Porto Alegre,,,,,,,,,,,,,,,
302,22/03/1990,,Grêmio,0,1,Internacional,,Gauchão,Olímpico,Porto Alegre,,,,,,,,,,,,,,,
303,03/06/1990,,Internacional,1,0,Grêmio,,Gauchão,Beira-Rio,Porto Alegre,,,,,,,,,,,,,,,
304,15/07/1990,,Internacional,0,1,Grêmio,,Gauchão,Beira-Rio,Porto Alegre,,,,,,,,,,,,,,,
305,29/07/1990,,Grêmio,4,1,Internacional,,Gauchão,Olímpico,Porto Alegre,,,,,,,,,,,,,,,
306,26/08/1990,,Internacional,0,1,Grêmio,,Campeonato Brasileiro,Beira-Rio,Porto Alegre,,,,,,,,,,,,,,,
307,18/02/1991,,Grêmio,0,0,Internacional,,Campeonato Brasileiro,Olímpico,Porto Alegre,,,,,,,,,,,,,,,
308,22/09/1991,,Grêmio,2,1,Internacional,,Gauchão,Olímpico,Porto Alegre,,,,,,,,,,,,,,,
309,01/12/1991,,Grêmio,0,1,Internacional,,Gauchão,Olímpico,Porto Alegre,,,,,,,,,,,,,,,
310,08/12/1991,,Internacional,0,2,Grêmio,,Gauchão,Beira-Rio,Porto Alegre,,,,,,,,,,,,,,,
311,15/12/1991,,Internacional,0,0,Grêmio,,Gauchão,Beira-Rio,Porto Alegre,,,,,,,,,,,,,,,
312,14/06/1992,,Grêmio,2,0,Internacional,,Amistoso,Olímpico,Porto Alegre,,,,,,,,,,,,,,,
313,18/06/1992,,Internacional,0,0,Grêmio,,Amistoso,Beira-Rio,Porto Alegre,,,,,,,,,,,,,,,
314,21/06/1992,,Grêmio,0,0,Internacional,,Amistoso,Colosso da Lagoa,Erechim,,,,,,,,,,,,,,,
315,13/09/1992,,Internacional,1,1,Grêmio,,Gauchão,Beira-Rio,Porto Alegre,,,,,,,,,,,,,,,
316,06/11/1992,,Grêmio,1,1,Internacional,,Copa do Brasil,Olímpico,Porto Alegre,,,,,,,,,,,,,,,
317,17/11/1992,3,Internacional,1,1,Grêmio,0,Copa do Brasil,Beira-Rio,Porto Alegre,,,,,,,,,,,,,,,
318,20/12/1992,,Grêmio,1,3,Internacional,,Gauchão,Olímpico,Porto Alegre,,,,,,,,,,,,,,,
319,23/12/1992,,Internacional,0,0,Grêmio,,Gauchão,Beira-Rio,Porto Alegre,,,,,,,,,,,,,,,
320,27/06/1993,,Internacional,0,1,Grêmio,,Gauchão,Beira-Rio,Porto Alegre,,,,,,,,,,,,,,,
321,18/07/1993,,Grêmio,0,0,Internacional,,Gauchão,Olímpico,Porto Alegre,,,,,,,,,,,,,,,
322,12/06/1994,,Internacional,1,0,Grêmio,,Gauchão,Beira-Rio,Porto Alegre,,,,,,,,,,,,,,,
323,16/10/1994,,Grêmio,1,1,Internacional,,Campeonato Brasileiro,Olímpico,Porto Alegre,,,,,,,,,,,,,,,
324,17/12/1994,,Grêmio,1,4,Internacional,,Gauchão,Olímpico,Porto Alegre,,,,,,,,,,,,,,,
325,02/04/1995,,Internacional,2,1,Grêmio,,Gauchão,Beira-Rio,Porto Alegre,,,,,,,,,,,,,,,
326,28/06/1995,,Grêmio,2,0,Internacional,,Gauchão,Olímpico,Porto Alegre,,,,,,,,,,,,,,,
327,06/08/1995,,Internacional,1,1,Grêmio,,Gauchão,Beira-Rio,Porto Alegre,,,,,,,,,,,,,,,
328,13/08/1995,,Grêmio,2,1,Internacional,,Gauchão,Olímpico,Porto Alegre,,,,,,,,,,,,,,,
329,31/10/1995,,Internacional,0,1,Grêmio,,Campeonato Brasileiro,Beira-Rio,Porto Alegre,,,,,,,,,,,,,,,
330,17/03/1996,,Internacional,1,1,Grêmio,,Gauchão,Beira-Rio,Porto Alegre,,,,,,,,,,,,,,,
331,23/09/1996,,Internacional,1,2,Grêmio,,Campeonato Brasileiro,Beira-Rio,Porto Alegre,,,,,,,,,,,,,,,
332,23/03/1997,,Grêmio,0,0,Internacional,,Gauchão,Olímpico,Porto Alegre,,,,,,,,,,,,,,,
333,29/06/1997,,Grêmio,1,1,Internacional,,Gauchão,Olímpico,Porto Alegre,,,,,,,,,,,,,,,
334,03/07/1997,,Internacional,1,0,Grêmio,,Gauchão,Beira-Rio,Porto Alegre,,,,,,,,,,,,,,,
335,24/08/1997,,Grêmio,2,5,Internacional,,Campeonato Brasileiro,Olímpico,Porto Alegre,,,,,,,,,,,,,,,
336,26/07/1998,,Internacional,1,0,Grêmio,,Campeonato Brasileiro,Beira-Rio,Porto Alegre,,,,,,,,,,,,,,,
337,17/03/1999,,Grêmio,1,1,Internacional,,Copa Sul,Olímpico,Porto Alegre,,,,,,,,,,,,,,,
338,28/03/1999,,Internacional,2,0,Grêmio,,Copa Sul,Beira-Rio,Porto Alegre,,,,,,,,,,,,,,,
339,13/06/1999,,Internacional,1,0,Grêmio,,Gauchão,Beira-Rio,Porto Alegre,,,,,,,,,,,,,,,
340,16/06/1999,,Grêmio,2,0,Internacional,,Gauchão,Olímpico,Porto Alegre,,,,,,,,,,,,,,,
341,20/06/1999,,Grêmio,1,0,Internacional,,Gauchão,Olímpico,Porto Alegre,,,,,,,,,,,,,,,
342,12/09/1999,,Grêmio,1,0,Internacional,,Campeonato Brasileiro,Olímpico,Porto Alegre,,,,,,,,,,,,,,,
343,20/11/1999,,Grêmio,1,1,Internacional,,Seletiva Pré-Libertadores,Olímpico,Porto Alegre,,,,,,,,,,,,,,,
344,25/11/1999,,Internacional,1,1,Grêmio,,Seletiva Pré-Libertadores,Beira-Rio,Porto Alegre,,,,,,,,,,,,,,,
345,30/04/2000,,Internacional,1,1,Grêmio,,Gauchão,Beira-Rio,Porto Alegre,,,,,,,,,,,,,,,
346,07/06/2000,,Grêmio,1,0,Internacional,,Gauchão,Olímpico,Porto Alegre,,,,,,,,,,,,,,,
347,07/10/2000,,Internacional,1,2,Grêmio,,Campeonato Brasileiro,Beira-Rio,Porto Alegre,,,,,,,,,,,,,,,
348,01/04/2001,,Grêmio,4,2,Internacional,,Gauchão,Olímpico,Porto Alegre,Fabiano Gonçalves,SIM,Tinga,Tinga,Rodrigo Mendes,Luís Cláudio,Fábio Pinto,Zinho,,,,,,Tite,Zé Mário
349,13/05/2001,,Internacional,0,0,Grêmio,,Gauchão,Beira-Rio,Porto Alegre,Alexandre Barreto,SIM,,,,,,,,,,,,Tite,Cláudio Duarte
350,06/10/2001,,Grêmio,1,0,Internacional,,Campeonato Brasileiro,Olímpico,Porto Alegre,Carlos Simon,SIM,Luís Mário,,,,,,,,,,,Tite,Carlos Alberto Parreira
351,20/03/2002,,Internacional,1,1,Grêmio,,Copa Sul-Minas,Beira-Rio,Porto Alegre,Antônio Pereira da Silva,NÃO,Gilberto,Fabiano Costa,,,,,,,,,,Tite,Ivo Worthmann
352,28/10/2002,,Internacional,0,1,Grêmio,,Campeonato Brasileiro,Beira-Rio,Porto Alegre,Carlos Simon,SIM,Rodrigo Mendes,,,,,,,,,,,Tite,Celso Roth
353,09/02/2003,,Grêmio,1,2,Internacional,,Gauchão,Olímpico,Porto Alegre,Alexandre Barreto,SIM,Luís Mário,Vinícius,Daniel Carvalho,,,,,,,,,Tite,Muricy Ramalho
354,09/03/2003,,Internacional,1,0,Grêmio,,Gauchão,Beira-Rio,Porto Alegre,Carlos Simon,SIM,André Neles,,,,,,,,,,,Tite,Muricy Ramalho
355,15/06/2003,,Grêmio,0,0,Internacional,,Campeonato Brasileiro,Olímpico,Porto Alegre,Wagner Tardelli,NÃO,,,,,,,,,,,,Darío Pereyra,Muricy Ramalho
356,12/10/2003,,Internacional,0,1,Grêmio,,Campeonato Brasileiro,Beira-Rio,Porto Alegre,Héber Roberto Lopes,NÃO,Christian,,,,,,,,,,,Adílson Baptista,Muricy Ramalho
357,15/02/2004,,Internacional,1,1,Grêmio,,Gauchão,Beira-Rio,Porto Alegre,Leonardo Gaciba,SIM,Christian,Élder Granja,,,,,,,,,,Adílson Baptista,Lori Sandri
358,07/03/2004,,Grêmio,1,2,Internacional,,Gauchão,Olímpico,Porto Alegre,Carlos Simon,SIM,Élder Granja,Nilmar,Christian,,,,,,,,,Adílson Baptista,Lori Sandri
359,04/04/2004,,Grêmio,1,2,Internacional,,Gauchão,Montanha dos Vinhedos,Bento Gonçalves,Leonardo Gaciba,SIM,Luciano Ratinho,Edinho,Nilmar,,,,,,,,,Adílson Baptista,Lori Sandri
360,10/07/2004,,Internacional,2,0,Grêmio,,Campeonato Brasileiro,Beira-Rio,Porto Alegre,Paulo César de Oliveira,NÃO,Vinícius,Fernandão,,,,,,,,,,José Luiz Plein,Joel Santana
361,15/09/2004,,Internacional,2,0,Grêmio,,Copa Sul-Americana,Beira-Rio,Porto Alegre,Márcio Rezende de Freitas,NÃO,Fernandão,Chiquinho,,,,,,,,,,Cuca,Muricy Ramalho
362,22/09/2004,,Grêmio,2,1,Internacional,,Copa Sul-Americana,Olímpico,Porto Alegre,Paulo César de Oliveira,NÃO,Chiquinho,Cláudio Pitbull,Roberto Santos,,,,,,,,,Cuca,Muricy Ramalho
363,23/10/2004,,Grêmio,1,3,Internacional,,Campeonato Brasileiro,Olímpico,Porto Alegre,Paulo César de Oliveira,NÃO,Diego,Fernandão,Rodrigo Paulista,Anderson,,,,,,,,Cuca,Muricy Ramalho
364,01/04/2006,,Grêmio,0,0,Internacional,,Gauchão,Olímpico,Porto Alegre,Carlos Simon,SIM,,,,,,,,,,,,Mano Menezes,Abel Braga
365,09/04/2006,,Internacional,1,1,Grêmio,,Gauchão,Beira-Rio,Porto Alegre,Leandro Vuaden,SIM,Fernandão,Pedro Júnior,,,,,,,,,,Mano Menezes,Abel Braga
366,30/07/2006,,Internacional,0,0,Grêmio,,Campeonato Brasileiro,Beira-Rio,Porto Alegre,Wílson Luiz Seneme,NÃO,,,,,,,,,,,,Mano Menezes,Abel Braga
367,05/11/2006,,Grêmio,0,1,Internacional,,Campeonato Brasileiro,Olímpico,Porto Alegre,Carlos Simon,SIM,Iarley,,,,,,,,,,,Mano Menezes,Abel Braga
368,24/06/2007,,Internacional,0,2,Grêmio,,Campeonato Brasileiro,Beira-Rio,Porto Alegre,Wílson Luiz Seneme,NÃO,Lúcio,Diego Souza,,,,,,,,,,Mano Menezes,Gallo
369,16/09/2007,,Grêmio,1,0,Internacional,,Campeonato Brasileiro,Olímpico,Porto Alegre,Héber Roberto Lopes,NÃO,Léo,,,,,,,,,,,Mano Menezes,Abel Braga
370,29/06/2008,,Grêmio,1,1,Internacional,,Campeonato Brasileiro,Olímpico,Porto Alegre,Alício Pena Júnior,NÃO,Índio,Roger,,,,,,,,,,Celso Roth,Tite
371,13/08/2008,,Internacional,1,1,Grêmio,,Copa Sul-Americana,Beira-Rio,Porto Alegre,Sálvio Spínola,NÃO,Daniel Carvalho,Léo,,,,,,,,,,Celso Roth,Tite
372,28/08/2008,,Grêmio,2,2,Internacional,,Copa Sul-Americana,Olímpico,Porto Alegre,Leonardo Gaciba,SIM,Nilmar,Índio,Perea,Soares,,,,,,,,Celso Roth,Tite
373,28/09/2008,,Internacional,4,1,Grêmio,,Campeonato Brasileiro,Beira-Rio,Porto Alegre,Evandro Rogério Roman,NÃO,D'Alessandro,Tcheco,Alex,Índio,Nilmar,,,,,,,Celso Roth,Tite
374,08/02/2009,,Internacional,2,1,Grêmio,,Gauchão,Colosso da Lagoa,Erechim,Carlos Simon,SIM,D'Alessandro,Jonas,Nilmar,,,,,,,,,Celso Roth,Tite
375,01/03/2009,,Internacional,2,1,Grêmio,,Gauchão,Beira-Rio,Porto Alegre,Leonardo Gaciba,SIM,Índio,Alex Mineiro,Magrão,,,,,,,,,Celso Roth,Tite
376,05/04/2009,,Internacional,2,1,Grêmio,,Gauchão,Beira-Rio,Porto Alegre,Leonardo Gaciba,SIM,Tcheco,Andrezinho,Índio,,,,,,,,,Celso Roth,Tite
377,19/07/2009,,Grêmio,2,1,Internacional,,Campeonato Brasileiro,Olímpico,Porto Alegre,Leonardo Gaciba,SIM,Nilmar,Souza,Máxi López,,,,,,,,,Paulo Autuori,Tite
378,25/10/2009,,Internacional,1,0,Grêmio,,Campeonato Brasileiro,Beira-Rio,Porto Alegre,Wílson Luiz Seneme,NÃO,D'Alessandro,,,,,,,,,,,Paulo Autuori,Mário Sérgio
379,31/01/2010,,Internacional,1,0,Grêmio,,Gauchão,Colosso da Lagoa,Erechim,Leandro Vuaden,SIM,Alecsandro,,,,,,,,,,,Silas,Jorge Fossati
380,25/04/2010,,Internacional,0,2,Grêmio,,Gauchão,Beira-Rio,Porto Alegre,Leonardo Gaciba,SIM,Borges,Rodrigo,,,,,,,,,,Silas,Jorge Fossati
381,02/05/2010,,Grêmio,0,1,Internacional,,Gauchão,Olímpico,Porto Alegre,Leandro Vuaden,SIM,Giuliano,,,,,,,,,,,Silas,Jorge Fossati
382,01/08/2010,,Internacional,0,0,Grêmio,,Campeonato Brasileiro,Beira-Rio,Porto Alegre,Sálvio Spínola,NÃO,,,,,,,,,,,,Silas,Celso Roth
383,24/10/2010,,Grêmio,2,2,Internacional,,Campeonato Brasileiro,Olímpico,Porto Alegre,Carlos Simon,SIM,André Lima,Alecsandro,Fábio Santos,D'Alessandro,,,,,,,,Renato Portaluppi,Celso Roth
384,30/01/2011,,Grêmio,2,1,Internacional,,Gauchão,Atílio Paiva,Rivera-URU,Márcio Chagas da Silva,SIM,Guto,Bruno Collaço,Lins,,,,,,,,,Roger Machado,Osmar Loss
385,01/05/2011,4,Internacional,1,1,Grêmio,2,Gauchão,Beira-Rio,Porto Alegre,Márcio Chagas da Silva,SIM,Leandro Damião,Júnior Viçosa,,,,,,,,,,Renato Portaluppi,Falcão
386,08/05/2011,,Internacional,2,3,Grêmio,,Gauchão,Beira-Rio,Porto Alegre,Jean Pierre de Lima,SIM,Andrezinho,Júnior Viçosa,Leandro,Leandro Damião,Júnior Viçosa,,,,,,,Renato Portaluppi,Falcão
387,15/05/2011,4,Grêmio,2,3,Internacional,5,Gauchão,Olímpico,Porto Alegre,Leandro Vuaden,SIM,Lúcio,Leandro Damião,Andrezinho,D'Alessandro,Borges,,,,,,,Renato Portaluppi,Falcão
388,28/08/2011,,Grêmio,2,1,Internacional,,Campeonato Brasileiro,Olímpico,Porto Alegre,Marcelo de Lima Henrique,NÃO,Marquinhos,Índio,Douglas,,,,,,,,,Celso Roth,Dorival Júnior
389,04/12/2011,,Internacional,1,0,Grêmio,,Campeonato Brasileiro,Beira-Rio,Porto Alegre,Leandro Vuaden,SIM,D'Alessandro,,,,,,,,,,,Celso Roth,Dorival Júnior
390,05/02/2012,,Grêmio,2,2,Internacional,,Gauchão,Olímpico,Porto Alegre,Leandro Vuaden,SIM,Dátolo,Marquinhos,Marcelo Moreno,Bolívar,,,,,,,,Caio Júnior,Dorival Júnior
391,22/02/2012,,Internacional,1,2,Grêmio,,Gauchão,Beira-Rio,Porto Alegre,Fabrício Neves Correa,SIM,Léo Gago,Leandro Damião,Kléber,,,,,,,,,Roger Machado,Dorival Júnior
392,29/04/2012,,Internacional,2,1,Grêmio,,Gauchão,Beira-Rio,Porto Alegre,Leandro Vuaden,SIM,Dátolo,Werley,Fabrício,,,,,,,,,Wanderley Luxemburgo,Dorival Júnior
393,26/08/2012,,Internacional,0,1,Grêmio,,Campeonato Brasileiro,Beira-Rio,Porto Alegre,Leandro Vuaden,SIM,Elano,,,,,,,,,,,Wanderley Luxemburgo,Fernandão
394,02/12/2012,,Grêmio,0,0,Internacional,,Campeonato Brasileiro,Olímpico,Porto Alegre,Héber Roberto Lopes,NÃO,,,,,,,,,,,,Wanderley Luxemburgo,Osmar Loss
395,03/02/2013,,Internacional,2,1,Grêmio,,Gauchão,Colosso da Lagoa,Erechim,Fabrício Neves Correa,SIM,Diego Forlán,Leandro Damião,Fernando,,,,,,,,,Wanderley Luxemburgo,Dunga
396,24/02/2013,,Internacional,2,1,Grêmio,,Gauchão,Centenário,Caxias do Sul,Jean Pierre de Lima,SIM,Diego Forlán,Rodrigo Moledo,William José,,,,,,,,,Wanderley Luxemburgo,Dunga
397,04/08/2013,,Grêmio,1,1,Internacional,,Campeonato Brasileiro,Arena do Grêmio,Porto Alegre,Fabrício Neves Correa,SIM,Barcos,Leandro Damião,,,,,,,,,,Renato Portaluppi,Dunga
398,20/10/2013,,Internacional,2,2,Grêmio,,Campeonato Brasileiro,Estádio,Centenário,Marcelo de Lima Henrique,NÃO,Williams,Jackson (contra),Vargas,D'Alessandro,,,,,,,,Renato Portaluppi,Clemer
399,09/02/2014,,Grêmio,1,1,Internacional,,Gauchão,Arena do Grêmio,Porto Alegre,Fabrício Neves Correa,SIM,Fabrício,Barcos,,,,,,,,,,Enderson Moreira,Abel Braga
400,30/03/2014,,Grêmio,1,2,Internacional,,Gauchão,Arena do Grêmio,Porto Alegre,Leandro Vuaden,SIM,Barcos,Rafael Moura,Rafael Moura,,,,,,,,,Enderson Moreira,Abel Braga
401,13/04/2014,,Internacional,4,1,Grêmio,,Gauchão,Estádio,Centenário,Márcio Chagas da Silva,SIM,D'Alessandro,Alex,Alan Patrick,Alex,Ernando (contra),,,,,,,Enderson Moreira,Abel Braga
402,10/08/2014,,Internacional,2,0,Grêmio,,Campeonato Brasileiro,Beira-Rio,Porto Alegre,Anderson Daronco,SIM,Aránguiz,Cláudio Winck,,,,,,,,,,Luiz Felipe Scolari,Abel Braga
403,09/11/2014,,Grêmio,4,1,Internacional,,Campeonato Brasileiro,Arena do Grêmio,Porto Alegre,Luiz Flavio de Oliveira,NÃO,Luan,Ramiro,Rafael Moura,Alan Ruíz,Alan Ruíz,,,,,,,Luiz Felipe Scolari,Abel Braga
404,01/03/2015,,Internacional,0,0,Grêmio,,Gauchão,Beira-Rio,Porto Alegre,Carlos Simon,SIM,,,,,,,,,,,,Luiz Felipe Scolari,Diego Aguirre
405,26/04/2015,,Grêmio,0,0,Internacional,,Gauchão,Arena do Grêmio,Porto Alegre,Anderson Daronco,SIM,,,,,,,,,,,,Luiz Felipe Scolari,Diego Aguirre
406,03/05/2015,,Internacional,2,1,Grêmio,,Gauchão,Beira-Rio,Porto Alegre,Leandro Vuaden,SIM,Nilmar,Valdívia,Giuliano,,,,,,,,,Luiz Felipe Scolari,Diego Aguirre
407,09/08/2015,,Grêmio,5,0,Internacional,,Campeonato Brasileiro,Arena do Grêmio,Porto Alegre,Dewson Freitas da Silva,NÃO,Giuliano,Luan,Luan,Fernandinho,Réver (contra),,,,,,,Roger Machado,Odair Helmann
408,22/11/2015,,Internacional,1,0,Grêmio,,Campeonato Brasileiro,Beira-Rio,Porto Alegre,Ricardo Marques Ribeiro,NÃO,Vitinho,,,,,,,,,,,Roger Machado,Argel Fucks
409,06/03/2016,,Grêmio,0,0,Internacional,,Gauchão/Primeira Liga,Arena do Grêmio,Porto Alegre,Anderson Daronco,SIM,,,,,,,,,,,,Roger Machado,Argel Fucks
410,03/07/2016,,Internacional,0,1,Grêmio,,Campeonato Brasileiro,Beira-Rio,Porto Alegre,Dewson Freitas da Silva,NÃO,Douglas,,,,,,,,,,,Roger Machado,Argel Fucks
411,23/10/2016,,Grêmio,0,0,Internacional,,Campeonato Brasileiro,Arena do Grêmio,Porto Alegre,Francisco Carlos do Nascimento,NÃO,,,,,,,,,,,,Renato Portaluppi,Celso Roth
412,04/03/2017,,Grêmio,2,2,Internacional,,Gauchão,Arena do Grêmio,Porto Alegre,Leandro Vuaden,SIM,Miller Bolaños,Roberson,Brenner,Fernandinho,,,,,,,,Renato Portaluppi,Antônio Carlos Zago
413,11/03/2018,,Internacional,1,2,Grêmio,,Gauchão,Beira-Rio,Porto Alegre,Jean Pierre de Lima,SIM,Luan,Luan,Rodrigo Dourado,,,,,,,,,Renato Portaluppi,Odair Helmann
414,18/03/2018,,Grêmio,3,0,Internacional,,Gauchão,Arena do Grêmio,Porto Alegre,Anderson Daronco,SIM,Éverton,Jael,Arthur,,,,,,,,,Renato Portaluppi,Odair Helmann
415,21/03/2018,,Internacional,2,0,Grêmio,,Gauchão,Beira-Rio,Porto Alegre,Leandro Vuaden,SIM,Nico López,D'Alessandro,,,,,,,,,,Renato Portaluppi,Odair Helmann
416,12/05/2018,,Grêmio,0,0,Internacional,,Campeonato Brasileiro,Arena do Grêmio,Porto Alegre,Wílton Pereira Sampaio,NÃO,,,,,,,,,,,,Renato Portaluppi,Odair Helmann
417,09/09/2018,,Internacional,1,0,Grêmio,,Campeonato Brasileiro,Beira-Rio,Porto Alegre,Péricles Bassols,NÃO,Edenílson,,,,,,,,,,,Renato Portaluppi,Odair Helmann
418,17/03/2019,,Grêmio,1,0,Internacional,,Gauchão,Arena do Grêmio,Porto Alegre,Anderson Daronco,SIM,Leonardo Gomes,,,,,,,,,,,Renato Portaluppi,Odair Helmann
419,14/04/2019,,Internacional,0,0,Grêmio,,Gauchão,Beira-Rio,Porto Alegre,Leandro Vuaden,SIM,,,,,,,,,,,,Renato Portaluppi,Odair Helmann
420,17/04/2019,3,Grêmio,0,0,Internacional,2,Gauchão,Arena do Grêmio,Porto Alegre,Jean Pierre de Lima,SIM,,,,,,,,,,,,Renato Portaluppi,Odair Helmann
421,20/07/2019,,Internacional,1,1,Grêmio,,Campeonato Brasileiro,Beira-Rio,Porto Alegre,Anderson Daronco,SIM,Paulo Miranda (contra),Luan,,,,,,,,,,Renato Portaluppi,Odair Helmann
422,03/11/2019,,Grêmio,2,0,Internacional,,Campeonato Brasileiro,Arena do Grêmio,Porto Alegre,Flávio Rodrigues de Souza,NÃO,Geromel,Rômulo,,,,,,,,,,Renato Portaluppi,Zé Ricardo
423,15/02/2020,,Internacional,0,1,Grêmio,,Gauchão,Beira-Rio,Porto Alegre,Jean Pierre de Lima,SIM,Diego Souza,,,,,,,,,,,Renato Portaluppi,Eduardo Coudet
424,12/03/2020,,Grêmio,0,0,Internacional,,Copa Libertadores,Arena do Grêmio,Porto Alegre,Fernando Rapallini,NÃO,,,,,,,,,,,,Renato Portaluppi,Eduardo Coudet
425,23/07/2020,,Internacional,0,1,Grêmio,,Gauchão,Centenário,Caxias do Sul,Daniel Bins Ely,SIM,Jean Pyerre,,,,,,,,,,,Renato Portaluppi,Eduardo Coudet
426,05/08/2020,,Grêmio,2,0,Internacional,,Gauchão,Arena do Grêmio,Porto Alegre,Leandro Vuaden,SIM,Maicon,Isaque,,,,,,,,,,Renato Portaluppi,Eduardo Coudet
427,23/09/2020,,Internacional,0,1,Grêmio,,Copa Libertadores,Beira-Rio,Porto Alegre,Patricio Loustau,NÃO,Pepê,,,,,,,,,,,Renato Portaluppi,Eduardo Coudet
428,03/10/2020,,Grêmio,1,1,Internacional,,Campeonato Brasileiro,Arena do Grêmio,Porto Alegre,Raphael Claus,NÃO,Pepê,Thiago Galhardo,,,,,,,,,,Renato Portaluppi,Eduardo Coudet
429,24/01/2021,,Internacional,2,1,Grêmio,,Campeonato Brasileiro,Beira-Rio,Porto Alegre,Luiz Flavio de Oliveira,NÃO,Jean Pyerre,Abel Hernández,Edenílson,,,,,,,,,Renato Portaluppi,Abel Braga
430,03/04/2021,,Grêmio,1,0,Internacional,,Gauchão,Arena do Grêmio,Porto Alegre,Anderson Daronco,SIM,Léo Chú,,,,,,,,,,,Tiago Nunes,Miguel Ángel Ramirez
431,15/05/2021,,Internacional,1,2,Grêmio,,Gauchão,Beira-Rio,Porto Alegre,Anderson Daronco,SIM,Thiago Galhardo,Diego Souza,Ricardinho,,,,,,,,,Tiago Nunes,Miguel Ángel Ramirez
432,23/05/2021,,Grêmio,1,1,Internacional,,Gauchão,Arena do Grêmio,Porto Alegre,Leandro Vuaden,SIM,Ferreira,Rodrigo Dourado,,,,,,,,,,Tiago Nunes,Miguel Ángel Ramirez
433,10/07/2021,,Grêmio,0,0,Internacional,,Campeonato Brasileiro,Arena do Grêmio,Porto Alegre,Flávio Rodrigues de Souza,NÃO,,,,,,,,,,,,Luiz Felipe Scolari,Diego Aguirre
434,06/11/2021,,Internacional,1,0,Grêmio,,Campeonato Brasileiro,Beira-Rio,Porto Alegre,Marcelo de Lima Henrique,NÃO,Taison,,,,,,,,,,,Vágner Mancini,Diego Aguirre
435,09/03/2022,,Internacional,1,0,Grêmio,,Gauchão,Beira-Rio,Porto Alegre,Leandro Vuaden,SIM,David,,,,,,,,,,,Roger Machado,Alexander Medina
436,19/03/2022,,Internacional,0,3,Grêmio,,Gauchão,Beira-Rio,Porto Alegre,Jean Pierre de Lima,SIM,Elias,Bitello,Diego Souza,,,,,,,,,Roger Machado,Alexander Medina
437,23/03/2022,,Grêmio,0,1,Internacional,,Gauchão,Arena do Grêmio,Porto Alegre,Leandro Vuaden,SIM,Taison,,,,,,,,,,,Roger Machado,Alexander Medina
438,05/03/2023,,Grêmio,2,1,Internacional,,Gauchão,Arena do Grêmio,Porto Alegre,Leandro Vuaden,SIM,Vina,Alan Patrick,Carballo,,,,,,,,,Renato Portaluppi,Mano Menezes
439,21/05/2023,,Grêmio,3,1,Internacional,,Campeonato Brasileiro,Arena do Grêmio,Porto Alegre,Flávio Rodrigues de Souza,SIM,Luís Suárez,Villasanti,Bitello,Johnny,,,,,,,,Renato Portaluppi,Mano Menezes
440,08/10/2023,,Internacional,3,2,Grêmio,,Campeonato Brasileiro,Beira-Rio,Porto Alegre,Paulo Cesar Zanovelli,NÃO,Enner Valência,Wanderson,João Pedro,Alan Patrick,Luís Suárez,,,,,,,Renato Portaluppi,Eduardo Coudet
441,25/02/2024,,Internacional,3,2,Grêmio,,Gauchão,Beira-Rio,Porto Alegre,Anderson Daronco,SIM,Renê (contra),Maurício,Villasanti,Lucas Alário,Alan Patrick,,,,,,,Renato Portaluppi,Eduardo Coudet
442,22/06/2024,,Grêmio,0,1,Internacional,,Campeonato Brasileiro,Couto Pereira,Curitiba,Ramon Abatti Abel,NÃO,Gustavo Martins (contra),,,,,,,,,,,Renato Portaluppi,Eduardo Coudet
443,19/10/2024,,Internacional,1,0,Grêmio,,Campeonato Brasileiro,Beira-Rio,Porto Alegre,Bruno Arleu,NÃO,Rafael Borré,,,,,,,,,,,Renato Portaluppi,Roger Machado
444,08/02/2025,,Grêmio,1,1,Internacional,,Gauchão,Arena do Grêmio,Porto Alegre,Rafael Klein,SIM,Braithwaite,Fernando,,,,,,,,,,Gustavo Quinteros,Roger Machado
445,08/03/2025,,Grêmio,0,2,Internacional,,Gauchão,Arena do Grêmio,Porto Alegre,Ramon Abatti Abel,NÃO,Carbonero,Alan Patrick,,,,,,,,,,Gustavo Quinteros,Roger Machado
446,16/03/2025,,Internacional,1,1,Grêmio,,Gauchão,Beira-Rio,Porto Alegre,Marcelo de Lima Henrique,NÃO,Enner Valência,Wágner Leonardo,,,,,,,,,,Renato Portaluppi,Eduardo Coudet
447,19/04/2025,,Grêmio,1,1,Internacional,,Campeonato Brasileiro,Arena do Grêmio,Porto Alegre,,,,,,,,,,,,,,,